impact_topic_code,impact_topic,requirement_code,requirement_en,code,type_ligne,intitule_en,intitule_fr,applicabilite_taille,applicabilite_autre,echeance,equity_mechanism_eligible_sizes,nb_criteres_conformite,criteres_conformite_ids,preuves_type_heuristique,preuves_exemples_kb,code_fr_kb,code_fr_derive,jalons_internes_year3_5,page_pdf,page_pdf_fin_bloc,track_factors_brut
FR,Foundation Requirements,FR1,The company meets the eligibility requirements for B Corp Certification.,FR1.1,sous_exigence,The company meets the entity qualifications to become a B Corp.,,XX Large / X Large / Large / Medium / Small / Micro / Company without workers,Tous secteurs / toutes industries,Year0,None,2,"1.1.1, 1.1.2",approbation instance dirigeante,,,EB1.1,,22,24,XX Large | All | All || X Large | All | All || Large | All | All || Medium | All | All || Small | All | All || Micro | All | All || Company without workers | All | All
FR,Foundation Requirements,FR1,The company meets the eligibility requirements for B Corp Certification.,FR1.2,sous_exigence,The company is not significantly involved in industries that undermine the B Lab Theory of Change.,,XX Large / X Large / Large / Medium / Small / Micro / Company without workers,Tous secteurs / toutes industries,Year0,None,5,"1.2.1, 1.2.2, 1.2.3, 1.2.4, 1.2.5",données chiffrées / calcul; vérification tierce,,,EB1.2,oui,25,31,XX Large | All | All || X Large | All | All || Large | All | All || Medium | All | All || Small | All | All || Micro | All | All || Company without workers | All | All
FR,Foundation Requirements,FR1,The company meets the eligibility requirements for B Corp Certification.,FR1.3,sous_exigence,The company complies with local and national laws and regulations.,,XX Large / X Large / Large / Medium / Small / Micro / Company without workers,Tous secteurs / toutes industries,Year0,None,2,"1.3.1, 1.3.2",politique/procédure documentée; vérification tierce; contrat / engagement signé,,,EB1.3,,32,35,XX Large | All | All || X Large | All | All || Large | All | All || Medium | All | All || Small | All | All || Micro | All | All || Company without workers | All | All
FR,Foundation Requirements,FR1,The company meets the eligibility requirements for B Corp Certification.,FR1.4,sous_exigence,The company shares accurate and complete information with B Lab.,,XX Large / X Large / Large / Medium / Small / Micro / Company without workers,Tous secteurs / toutes industries,Year0,None,3,"1.4.1, 1.4.2, 1.4.3",politique/procédure documentée; données chiffrées / calcul; évaluation / analyse; vérification tierce; contrat / engagement signé; formation / communication interne,,,EB1.4,,36,39,XX Large | All | All || X Large | All | All || Large | All | All || Medium | All | All || Small | All | All || Micro | All | All || Company without workers | All | All
FR,Foundation Requirements,FR1,The company meets the eligibility requirements for B Corp Certification.,FR1.5,sous_exigence,The company is transparent about its performance against the B Lab Standard.,,XX Large / X Large / Large / Medium / Small / Micro / Company without workers,Tous secteurs / toutes industries,Year0,None,5,"1.5.1, 1.5.2, 1.5.3, 1.5.4, 1.5.5",politique/procédure documentée; publication / accès public; évaluation / analyse; vérification tierce; contrat / engagement signé,,,EB1.5,,40,43,XX Large | All | All || X Large | All | All || Large | All | All || Medium | All | All || Small | All | All || Micro | All | All || Company without workers | All | All
FR,Foundation Requirements,FR2,The company adopts the B Corp legal requirement and commits to supporting the B Corp community’s collective purpose.,FR2.1,sous_exigence,The company adopts the B Corp legal requirement in its corporate structure or governing documents.,,XX Large / X Large / Large / Medium / Small / Micro / Company without workers,Tous secteurs / toutes industries,Year0,None,3,"2.1.1, 2.1.2, 2.1.3",politique/procédure documentée; vérification tierce; contrat / engagement signé,,,EB2.1,,44,48,XX Large | All | All || X Large | All | All || Large | All | All || Medium | All | All || Small | All | All || Micro | All | All || Company without workers | All | All
FR,Foundation Requirements,FR2,The company adopts the B Corp legal requirement and commits to supporting the B Corp community’s collective purpose.,FR2.2,sous_exigence,The company signs the Declaration of Interdependence and commits to the shared collective purpose of the B Corp community.,,XX Large / X Large / Large / Medium / Small / Micro / Company without workers,Tous secteurs / toutes industries,Year0,None,2,"2.2.1, 2.2.2",politique/procédure documentée; vérification tierce; contrat / engagement signé,,,EB2.2,,49,50,XX Large | All | All || X Large | All | All || Large | All | All || Medium | All | All || Small | All | All || Micro | All | All || Company without workers | All | All
FR,Foundation Requirements,FR3,The company creates a risk profile and meets any additional sub-requirements.,FR3.1,sous_exigence,The company creates a risk profile and meets any additional sub-requirements.,,XX Large / X Large / Large / Medium / Small,Tous secteurs / toutes industries,Year0,None,3,"3.1.1, 3.1.2, 3.1.3",,,,EB3.1,,51,54,XX Large | All | All || X Large | All | All || Large | All | All || Medium | All | All || Small | All | All || Micro | None | None || Company without workers | None | None
FR,Foundation Requirements,FR3,The company creates a risk profile and meets any additional sub-requirements.,FR3.1.a,question_risk_tool,"[Your employees] In the past fiscal year, did the company contract more independent contractors than it has employees?",,XX Large / X Large / Large / Medium / Small,Tous secteurs / toutes industries,Year0,None,5,"3.1.a.1, 3.1.a.2, 3.1.a.3, 3.1.a.4, 3.1.a.5",évaluation / analyse; contrat / engagement signé,,,EB3.1.a,,55,58,XX Large | All | All || X Large | All | All || Large | All | All || Medium | All | All || Small | All | All || Micro | None | None || Company without workers | None | None
FR,Foundation Requirements,FR3,The company creates a risk profile and meets any additional sub-requirements.,FR3.1.b,question_risk_tool,"[Your products] In the past fiscal year, did the company generate at least 10% of its revenue from a consumer product that causes negative health impacts acknowledged by a national government or intergovernmental body?",,XX Large / X Large / Large / Medium / Small,Tous secteurs / toutes industries,Year0,None,5,"3.1.b.1, 3.1.b.2, 3.1.b.3, 3.1.b.4, 3.1.b.5",évaluation / analyse; contrat / engagement signé,,,EB3.1.b,,59,64,XX Large | All | All || X Large | All | All || Large | All | All || Medium | All | All || Small | All | All || Micro | None | None || Company without workers | None | None
FR,Foundation Requirements,FR3,The company creates a risk profile and meets any additional sub-requirements.,FR3.1.c,question_risk_tool,"[Your products] In the past fiscal year, did the company distribute a digital product that uses artificial intelligence?",,XX Large / X Large / Large / Medium / Small,Tous secteurs / toutes industries,Year0,None,5,"3.1.c.1, 3.1.c.2, 3.1.c.3, 3.1.c.4, 3.1.c.5",évaluation / analyse; contrat / engagement signé,,,EB3.1.c,,65,70,XX Large | All | All || X Large | All | All || Large | All | All || Medium | All | All || Small | All | All || Micro | None | None || Company without workers | None | None
FR,Foundation Requirements,FR3,The company creates a risk profile and meets any additional sub-requirements.,FR3.1.d,question_risk_tool,"[Your products] In the past fiscal year, did the company generate at least 10% of its revenue from selling hazardous chemicals?",,XX Large / X Large / Large / Medium / Small,Tous secteurs / toutes industries,Year0,None,5,"3.1.d.1, 3.1.d.2, 3.1.d.3, 3.1.d.4, 3.1.d.5",évaluation / analyse; contrat / engagement signé,,,EB3.1.d,,71,78,XX Large | All | All || X Large | All | All || Large | All | All || Medium | All | All || Small | All | All || Micro | None | None || Company without workers | None | None
FR,Foundation Requirements,FR3,The company creates a risk profile and meets any additional sub-requirements.,FR3.1.e,question_risk_tool,"[Your products] In the past fiscal year, did the company generate at least 10% of its revenue from any of these activities? (i) Selling single-use plastic products from virgin, non-renewable materials, manufactured either by the company or for the company. (ii) Selling single-use plastic packaging from virgin, non-renewable materials, manufactured either by the company or for the company. (iii) Selling products manufactured either by the company or for the company that were packaged in single-use plastic packaging from virgin, non-renewable materials.",,XX Large / X Large / Large / Medium / Small,Tous secteurs / toutes industries,Year0,None,6,"3.1.e.1, 3.1.e.2, 3.1.e.3, 3.1.e.4, 3.1.e.5, 3.1.e.6",évaluation / analyse; contrat / engagement signé,,,EB3.1.e,,79,85,XX Large | All | All || X Large | All | All || Large | All | All || Medium | All | All || Small | All | All || Micro | None | None || Company without workers | None | None
FR,Foundation Requirements,FR3,The company creates a risk profile and meets any additional sub-requirements.,FR3.1.f,question_risk_tool,"[Your products] In the past fiscal year, did the company generate at least 10% of its revenue from selling agricultural chemicals, excluding naturally derived pesticides and fertilizers?",,XX Large / X Large / Large / Medium / Small,Tous secteurs / toutes industries,Year0,None,6,"3.1.f.1, 3.1.f.2, 3.1.f.3, 3.1.f.4, 3.1.f.5, 3.1.f.6",évaluation / analyse; contrat / engagement signé,,,EB3.1.f,,86,93,XX Large | All | All || X Large | All | All || Large | All | All || Medium | All | All || Small | All | All || Micro | None | None || Company without workers | None | None
FR,Foundation Requirements,FR3,The company creates a risk profile and meets any additional sub-requirements.,FR3.1.g,question_risk_tool,"[Your operations] In the past fiscal year, did the company's own operations have potential negative impacts on the rights or lands of Indigenous Peoples?",,XX Large / X Large / Large / Medium / Small,Tous secteurs / toutes industries,Year0,None,5,"3.1.g.1, 3.1.g.2, 3.1.g.3, 3.1.g.4, 3.1.g.5",évaluation / analyse; contrat / engagement signé,,,EB3.1.g,,94,98,XX Large | All | All || X Large | All | All || Large | All | All || Medium | All | All || Small | All | All || Micro | None | None || Company without workers | None | None
FR,Foundation Requirements,FR3,The company creates a risk profile and meets any additional sub-requirements.,FR3.1.h,question_risk_tool,"[Your operations] In the past three years, has the company experienced any fatality or health and safety penalty?",,XX Large / X Large / Large / Medium / Small,Tous secteurs / toutes industries,Year0,None,5,"3.1.h.1, 3.1.h.2, 3.1.h.3, 3.1.h.4, 3.1.h.5",évaluation / analyse; contrat / engagement signé,,,EB3.1.h,,99,102,XX Large | All | All || X Large | All | All || Large | All | All || Medium | All | All || Small | All | All || Micro | None | None || Company without workers | None | None
FR,Foundation Requirements,FR3,The company creates a risk profile and meets any additional sub-requirements.,FR3.1.i,question_risk_tool,"[Your operations] In the past fiscal year, did the company manufacture or outsource the manufacturing of products made primarily from materials from extractive industries?",,XX Large / X Large / Large / Medium / Small,Tous secteurs / toutes industries,Year0,None,4,"3.1.i.1, 3.1.i.2, 3.1.i.3, 3.1.i.4",évaluation / analyse; contrat / engagement signé,,,EB3.1.i,,103,107,XX Large | All | All || X Large | All | All || Large | All | All || Medium | All | All || Small | All | All || Micro | None | None || Company without workers | None | None
FR,Foundation Requirements,FR3,The company creates a risk profile and meets any additional sub-requirements.,FR3.1.j,question_risk_tool,"[Your operations] In the past three years, did the company’s own operations directly involve ecosystem conversion that could contribute to habitat loss, soil erosion, or loss of biodiversity?",,XX Large / X Large / Large / Medium / Small,Tous secteurs / toutes industries,Year0,None,7,"3.1.j.1, 3.1.j.2, 3.1.j.3, 3.1.j.4, 3.1.j.5, 3.1.j.6, 3.1.j.7",évaluation / analyse; contrat / engagement signé,,,EB3.1.j,,108,118,XX Large | All | All || X Large | All | All || Large | All | All || Medium | All | All || Small | All | All || Micro | None | None || Company without workers | None | None
FR,Foundation Requirements,FR3,The company creates a risk profile and meets any additional sub-requirements.,FR3.1.k,question_risk_tool,"[Your operations] In the past fiscal year, did the company use hazardous chemicals in its core production processes?",,XX Large / X Large / Large / Medium / Small,Tous secteurs / toutes industries,Year0,None,4,"3.1.k.1, 3.1.k.2, 3.1.k.3, 3.1.k.4",évaluation / analyse; contrat / engagement signé,,,EB3.1.k,,119,124,XX Large | All | All || X Large | All | All || Large | All | All || Medium | All | All || Small | All | All || Micro | None | None || Company without workers | None | None
FR,Foundation Requirements,FR3,The company creates a risk profile and meets any additional sub-requirements.,FR3.1.l,question_risk_tool,"[Your operations] In the past fiscal year, did the company operate a water-intensive production in an area with water risk?",,XX Large / X Large / Large / Medium / Small,Tous secteurs / toutes industries,Year0,None,5,"3.1.l.1, 3.1.l.2, 3.1.l.3, 3.1.l.4, 3.1.l.5",évaluation / analyse; contrat / engagement signé,,,EB3.1.l,,125,131,XX Large | All | All || X Large | All | All || Large | All | All || Medium | All | All || Small | All | All || Micro | None | None || Company without workers | None | None
FR,Foundation Requirements,FR3,The company creates a risk profile and meets any additional sub-requirements.,FR3.1.m,question_risk_tool,"[Your reputation] In the past three years, has the company experienced litigations, penalties, or public allegations of forced labor in its supply chain?",,XX Large / X Large / Large / Medium / Small,Tous secteurs / toutes industries,Year0,None,5,"3.1.m.1, 3.1.m.2, 3.1.m.3, 3.1.m.4, 3.1.m.5",évaluation / analyse; contrat / engagement signé,,,EB3.1.m,,132,137,XX Large | All | All || X Large | All | All || Large | All | All || Medium | All | All || Small | All | All || Micro | None | None || Company without workers | None | None
FR,Foundation Requirements,FR3,The company creates a risk profile and meets any additional sub-requirements.,FR3.1.n,question_risk_tool,"[Your reputation] In the past three years, has the company experienced litigations, penalties, or public allegations of misleading marketing or greenwashing?",,XX Large / X Large / Large / Medium / Small,Tous secteurs / toutes industries,Year0,None,3,"3.1.n.1, 3.1.n.2, 3.1.n.3",,,,EB3.1.n,,138,144,XX Large | All | All || X Large | All | All || Large | All | All || Medium | All | All || Small | All | All || Micro | None | None || Company without workers | None | None
PSG,Purpose & Stakeholder Governance,PSG1,The company establishes a public purpose to make a meaningful positive impact.,PSG1.1,sous_exigence,The company establishes a public purpose to make a meaningful positive impact.,L'entreprise établit une raison d'être publique visant à générer un impact positif significatif,XX Large / X Large / Large / Medium / Small / Micro / Company without workers,Tous secteurs / toutes industries,Year0,Company without workers / Micro / Small / Medium / Large / X Large / XX Large,1,1.1.1,publication / accès public; approbation instance dirigeante; plan / stratégie / objectifs,Déclaration de raison d'être publique sur le site internet ; déclaration complémentaire si le lien au modèle d'affaires / à la stratégie n'est pas explicite,MGPP1.1,MGPP1.1,,164,168,XX Large | All | All || X Large | All | All || Large | All | All || Medium | All | All || Small | All | All || Micro | All | All || Company without workers | All | All
PSG,Purpose & Stakeholder Governance,PSG2,The company considers its impacts on stakeholders in decision-making.,PSG2.1,sous_exigence,The company has a mechanism to consider or involve its stakeholders and represent their interests in decision-making.,L'entreprise dispose d'un mécanisme permettant de prendre en compte ou d'impliquer ses parties prenantes,Medium / Small / Micro / Company without workers,Tous secteurs / toutes industries,Year0,None,3,"2.1.1, 2.1.2, 2.1.3",consultation parties prenantes / salariés,"Documentation du mécanisme d'engagement : CR de réunions, résultats d'enquêtes, charte de comité consultatif ; preuve de représentation de chaque catégorie de parties prenantes",MGPP2.1,MGPP2.1,,169,175,XX Large | None | None || X Large | None | None || Large | None | None || Medium | All | All || Small | All | All || Micro | All | All || Company without workers | All | All
PSG,Purpose & Stakeholder Governance,PSG2,The company considers its impacts on stakeholders in decision-making.,PSG2.2,sous_exigence,The company has a stakeholder governance policy.,L'entreprise dispose d'une politique de gouvernance des parties prenantes,XX Large / X Large / Large,Tous secteurs / toutes industries,Year0,Large / X Large / XX Large,4,"2.2.1, 2.2.2, 2.2.3, 2.2.4",politique/procédure documentée; approbation instance dirigeante; consultation parties prenantes / salariés; formation / communication interne,Politique de gouvernance des parties prenantes formalisée ; PV d'approbation par l'instance dirigeante ; communication interne indiquant où trouver la politique,MGPP2.2,MGPP2.2,,176,182,XX Large | All | All || X Large | All | All || Large | All | All || Medium | None | None || Small | None | None || Micro | None | None || Company without workers | None | None
PSG,Purpose & Stakeholder Governance,PSG2,The company considers its impacts on stakeholders in decision-making.,PSG2.3,sous_exigence,The company conducts regular materiality assessment to assess and identify material topics.,L'entreprise procède régulièrement à une analyse de matérialité,XX Large / X Large / Large,Tous secteurs / toutes industries,Year0,None,6,"2.3.1, 2.3.2, 2.3.3, 2.3.4, 2.3.5, 2.3.6",politique/procédure documentée; publication / accès public; approbation instance dirigeante; évaluation / analyse; consultation parties prenantes / salariés; contrat / engagement signé,"Rapport / méthodologie d'analyse de matérialité (double matérialité ou matérialité d'impact, incluant droits humains et environnement) de moins de 36 mois ; PV de supervision ; publication (matrice + résumé méthodo)",MGPP2.3,MGPP2.3,,183,192,XX Large | All | All || X Large | All | All || Large | All | All || Medium | None | None || Small | None | None || Micro | None | None || Company without workers | None | None
PSG,Purpose & Stakeholder Governance,PSG2,The company considers its impacts on stakeholders in decision-making.,PSG2.4,sous_exigence,"The company identifies material topics not addressed in the B Lab Standard, sets targets, and reports progress annually.",L'entreprise identifie les enjeux matériels non couverts par les standards de B Lab,XX Large / X Large / Large,Tous secteurs / toutes industries,Year0,None,6,"2.4.1, 2.4.2, 2.4.3, 2.4.4, 2.4.5, 2.4.6",publication / accès public; approbation instance dirigeante; évaluation / analyse; plan / stratégie / objectifs; contrat / engagement signé,"Liste des enjeux matériels non couverts ; au moins un objectif SMART par enjeu, public, approuvé ; responsables désignés ; suivi annuel publié",MGPP2.4,MGPP2.4,,193,198,XX Large | All | All || X Large | All | All || Large | All | All || Medium | None | None || Small | None | None || Micro | None | None || Company without workers | None | None
PSG,Purpose & Stakeholder Governance,PSG2,The company considers its impacts on stakeholders in decision-making.,PSG2.5,sous_exigence,The company considers its stakeholders when making decisions about dividends and stock buybacks.,L'entreprise tient compte de ses parties prenantes dans la prise de décision concernant les dividendes et les rachats d'actions,XX Large,Tous secteurs / toutes industries,Year3,None,3,"2.5.1, 2.5.2, 2.5.3",publication / accès public; approbation instance dirigeante; évaluation / analyse,PV du conseil montrant la prise en compte des parties prenantes ; analyses d'impact ; reporting public de l'allocation des fonds,MGPP2.5,MGPP2.5,,199,202,XX Large | All | All || X Large | None | None || Large | None | None || Medium | None | None || Small | None | None || Micro | None | None || Company without workers | None | None
PSG,Purpose & Stakeholder Governance,PSG3,The company has adequate procedures to address stakeholder grievances.,PSG3.1,sous_exigence,The company has a publicly accessible grievance procedure allowing stakeholders to safely raise grievances and seek resolutions.,L'entreprise dispose d'une procédure de réclamation accessible au public,Medium / Small / Micro / Company without workers,Tous secteurs / toutes industries,Year0,None,4,"3.1.1, 3.1.2, 3.1.3, 3.1.4",politique/procédure documentée; publication / accès public; plan / stratégie / objectifs; formation / communication interne,"Lien vers le formulaire public ; procédure (éligibilité, étapes, délais, résolution) ; protection contre les représailles ; traces de communication avec le plaignant",MGPP3.1,MGPP3.1,,203,209,XX Large | None | None || X Large | None | None || Large | None | None || Medium | All | All || Small | All | All || Micro | All | All || Company without workers | All | All
PSG,Purpose & Stakeholder Governance,PSG3,The company has adequate procedures to address stakeholder grievances.,PSG3.2,sous_exigence,The company tracks grievances and assigns accountability for resolving them.,L'entreprise recense les réclamations et attribue la responsabilité de leur résolution,Medium / Small / Micro,Tous secteurs / toutes industries,Year0,None,3,"3.2.1, 3.2.2, 3.2.3",politique/procédure documentée; registre / trace interne,Registre des réclamations (tableur/logiciel) ; synthèse annuelle ; organigramme / fiche de poste du responsable ; dossiers clos (ou procédure si aucune réclamation),MGPP3.2,MGPP3.2,,210,214,XX Large | None | None || X Large | None | None || Large | None | None || Medium | All | All || Small | All | All || Micro | All | All || Company without workers | None | None
PSG,Purpose & Stakeholder Governance,PSG3,The company has adequate procedures to address stakeholder grievances.,PSG3.3,sous_exigence,The company has a publicly accessible grievance procedure allowing stakeholders to safely raise grievances and seek resolutions.,L'entreprise dispose d'une procédure de réclamation accessible au public,XX Large / X Large / Large,Tous secteurs / toutes industries,Year0,None,6,"3.3.1, 3.3.2, 3.3.3, 3.3.4, 3.3.5, 3.3.6",politique/procédure documentée; publication / accès public; plan / stratégie / objectifs; formation / communication interne,Page web de la procédure dans les langues des plaignants ; procédure documentée ; protection contre les représailles ; prévention des conflits d'intérêts,MGPP3.3,MGPP3.3,,215,221,XX Large | All | All || X Large | All | All || Large | All | All || Medium | None | None || Small | None | None || Micro | None | None || Company without workers | None | None
PSG,Purpose & Stakeholder Governance,PSG3,The company has adequate procedures to address stakeholder grievances.,PSG3.4,sous_exigence,"The company tracks grievances, assigns accountability for resolving them and reports internally to the highest governing body and publicly to stakeholders.",L'entreprise recense les réclamations et rend compte auprès de la plus haute instance de direction et des parties prenantes,XX Large / X Large / Large,Tous secteurs / toutes industries,Year0,None,4,"3.4.1, 3.4.2, 3.4.3, 3.4.4",politique/procédure documentée; publication / accès public; approbation instance dirigeante; données chiffrées / calcul; évaluation / analyse,"Rapport interne annuel sur les réclamations ; PV de présentation à l'instance dirigeante ; informations publiques (nombre, rejets, issues) selon les critères d'efficacité UNGP",MGPP3.4,MGPP3.4,,222,228,XX Large | All | All || X Large | All | All || Large | All | All || Medium | None | None || Small | None | None || Micro | None | None || Company without workers | None | None
PSG,Purpose & Stakeholder Governance,PSG4,The company engages in responsible marketing and public relations.,PSG4.1,sous_exigence,The company has principles for responsible marketing and public relations practices.,L'entreprise s'est dotée de principes en matière de marketing et de communication responsables,Small / Micro,Tous secteurs / toutes industries,Year0,Micro / Small,2,"4.1.1, 4.1.2",données chiffrées / calcul; vérification tierce; formation / communication interne,"Principes documentés (politique interne ou code de conduite) ; preuve de diffusion aux salariés (intranet, formation, e-mail)",MGPP4.1,MGPP4.1,,229,234,XX Large | None | None || X Large | None | None || Large | None | None || Medium | None | None || Small | All | All || Micro | All | All || Company without workers | None | None
PSG,Purpose & Stakeholder Governance,PSG4,The company engages in responsible marketing and public relations.,PSG4.2,sous_exigence,The company has a responsible marketing and public relations policy overseen by the executive team or highest governing body.,L'entreprise dispose d'une politique de marketing et de communication responsables supervisée par l'équipe de direction,XX Large / X Large / Large / Medium,Tous secteurs / toutes industries,Year0,Medium / Large / X Large / XX Large,4,"4.2.1, 4.2.2, 4.2.3, 4.2.4",politique/procédure documentée; approbation instance dirigeante; données chiffrées / calcul; vérification tierce; contrat / engagement signé; formation / communication interne,Politique formalisée approuvée ; organigramme ou RACI ; preuves de communication interne,MGPP4.2,MGPP4.2,,235,242,XX Large | All | All || X Large | All | All || Large | All | All || Medium | All | All || Small | None | None || Micro | None | None || Company without workers | None | None
PSG,Purpose & Stakeholder Governance,PSG5,The company’s social and environmental impact and stakeholder considerations are monitored by the highest governing body and integrated throughout the company.,PSG5.1,sous_exigence,"The highest governing body monitors the company's purpose, social and environmental impact, and stakeholder considerations.",La plus haute instance de direction supervise le déploiement de la raison d'être et la gestion de l'impact,XX Large / X Large / Large / Medium / Small / Micro,Tous secteurs / toutes industries,Year0,None,1,5.1.1,approbation instance dirigeante,"PV de l'instance dirigeante des 12 derniers mois (ordre du jour et échanges sur raison d'être, performance sociale/environnementale, gouvernance des parties prenantes)",MGPP5.1,MGPP5.1,,243,249,XX Large | All | All || X Large | All | All || Large | All | All || Medium | All | All || Small | All | All || Micro | All | All || Company without workers | None | None
PSG,Purpose & Stakeholder Governance,PSG5,The company’s social and environmental impact and stakeholder considerations are monitored by the highest governing body and integrated throughout the company.,PSG5.2,sous_exigence,"Requirements to monitor the company's purpose, social and environmental impact, and stakeholder considerations are enshrined in the highest governing body's terms of reference.",Les exigences de supervision sont définies dans le cadre de référence de la plus haute instance de direction,XX Large / X Large / Large,Tous secteurs / toutes industries,Year0,Large / X Large / XX Large,1,5.2.1,approbation instance dirigeante,Documents de gouvernance / règlement intérieur du conseil formalisant la responsabilité de supervision,MGPP5.2,MGPP5.2,,250,254,XX Large | All | All || X Large | All | All || Large | All | All || Medium | None | None || Small | None | None || Micro | None | None || Company without workers | None | None
PSG,Purpose & Stakeholder Governance,PSG5,The company’s social and environmental impact and stakeholder considerations are monitored by the highest governing body and integrated throughout the company.,PSG5.3,sous_exigence,All members of the executive team have at least one annual target tied to the company’s social or environmental performance.,Tous les membres de l'équipe de direction ont au moins un objectif annuel lié aux performances sociales ou environnementales,XX Large / X Large / Large,Tous secteurs / toutes industries,Year3,None,2,"5.3.1, 5.3.2",approbation instance dirigeante; plan / stratégie / objectifs,Objectifs individuels de la direction ; évaluations annuelles ; objectifs SMART alignés sur la stratégie,MGPP5.3,MGPP5.3,,255,259,XX Large | All | All || X Large | All | All || Large | All | All || Medium | None | None || Small | None | None || Micro | None | None || Company without workers | None | None
PSG,Purpose & Stakeholder Governance,PSG5,The company’s social and environmental impact and stakeholder considerations are monitored by the highest governing body and integrated throughout the company.,PSG5.4,sous_exigence,"If the company has an existing incentive remuneration scheme for the executive team, it integrates social and environmental performance targets.","Si l'entreprise dispose d'un système de rémunération incitative pour l'équipe de direction, celui-ci intègre des objectifs de performance sociale et environnementale",XX Large / X Large / Large,Tous secteurs / toutes industries,Year3,Large / X Large / XX Large,3,"5.4.1, 5.4.2, 5.4.3",registre / trace interne; données chiffrées / calcul; évaluation / analyse; plan / stratégie / objectifs,Documents liant la part variable à des objectifs d'impact ; rapports RH/rémunération (% de la rémunération) ; critères SMART,MGPP5.4,MGPP5.4,,260,265,XX Large | All | All || X Large | All | All || Large | All | All || Medium | None | None || Small | None | None || Micro | None | None || Company without workers | None | None
PSG,Purpose & Stakeholder Governance,PSG5,The company’s social and environmental impact and stakeholder considerations are monitored by the highest governing body and integrated throughout the company.,PSG5.5,sous_exigence,The company includes social or environmental performance targets in performance reviews for managers.,L'entreprise inclut des objectifs de performance sociale ou environnementale dans les évaluations de performance des managers,XX Large,Tous secteurs / toutes industries,Year3,XX Large,3,"5.5.1, 5.5.2, 5.5.3",plan / stratégie / objectifs,Supports d'entretiens / fixation d'objectifs des managers ; extraits SIRH ; objectifs SMART revus,MGPP5.5,MGPP5.5,,266,271,XX Large | All | All || X Large | None | None || Large | None | None || Medium | None | None || Small | None | None || Micro | None | None || Company without workers | None | None
PSG,Purpose & Stakeholder Governance,PSG6,The company is transparent about its social and environmental performance.,PSG6.1,sous_exigence,"The company reports its social and environmental performance annually and publicly, with approval from the highest governing body.","Chaque année, l'entreprise rend compte publiquement de ses performances sociales et environnementales",X Large / Large,Tous secteurs / toutes industries,Year3,Large / X Large,2,"6.1.1, 6.1.2",publication / accès public; approbation instance dirigeante; données chiffrées / calcul; consultation parties prenantes / salariés,Rapport annuel d'impact approuvé par l'instance dirigeante et publié en ligne (ou rapport complet tous les deux ans + mise à jour annuelle),MGPP6.1,MGPP6.1,,272,276,XX Large | None | None || X Large | All | All || Large | All | All || Medium | None | None || Small | None | None || Micro | None | None || Company without workers | None | None
PSG,Purpose & Stakeholder Governance,PSG6,The company is transparent about its social and environmental performance.,PSG6.2,sous_exigence,The company reports its social and environmental performance annually and publicly using a third-party standard.,"Chaque année, l'entreprise rend compte publiquement en s'appuyant sur un standard externe",XX Large,Tous secteurs / toutes industries,Year3,None,2,"6.2.1, 6.2.2",publication / accès public; approbation instance dirigeante; données chiffrées / calcul; consultation parties prenantes / salariés; vérification tierce,"Rapport public référencé à un cadre externe (ex. GRI, ESRS), approuvé par l'instance dirigeante",MGPP6.2,MGPP6.2,,277,281,XX Large | All | All || X Large | None | None || Large | None | None || Medium | None | None || Small | None | None || Micro | None | None || Company without workers | None | None
PSG,Purpose & Stakeholder Governance,PSG6,The company is transparent about its social and environmental performance.,PSG6.3,sous_exigence,The company assesses workers’ capability to enact its social and environmental strategy.,L'entreprise évalue la capacité des collaborateurs et collaboratrices à mettre en œuvre sa stratégie sociale et environnementale,XX Large / X Large / Large,Tous secteurs / toutes industries,Year3,Large / X Large / XX Large,4,"6.3.1, 6.3.2, 6.3.3, 6.3.4",registre / trace interne; évaluation / analyse; plan / stratégie / objectifs; consultation parties prenantes / salariés,"Enquête / évaluation des salariés au moins tous les 24 mois (connaissances, préparation), participation volontaire, synthèse des résultats et suites",MGPP6.3,MGPP6.3,,282,286,XX Large | All | All || X Large | All | All || Large | All | All || Medium | None | None || Small | None | None || Micro | None | None || Company without workers | None | None
FW,Fair Work,FW1,The company sets clear expectations of employees.,FW1.1,sous_exigence,The company provides all employees a signed employment contract or offer letter.,L'entreprise fournit à tous les salariés un contrat de travail ou une lettre d'engagement signés,XX Large / X Large / Large / Medium / Small / Micro,Tous secteurs / toutes industries,Year0,None,3,"1.1.1, 1.1.2, 1.2.3",contrat / engagement signé,Contrats / lettres signés ; registre du personnel ; entretiens salariés,TE1.1,TE1.1,,301,304,XX Large | All | All || X Large | All | All || Large | All | All || Medium | All | All || Small | All | All || Micro | All | All || Company without workers | None | None
FW,Fair Work,FW1,The company sets clear expectations of employees.,FW1.2,sous_exigence,The company has equal cancellation periods when using variable schedules.,L'entreprise applique un délai de prévenance équitable pour les salarié·es ayant des emplois du temps variables,XX Large / X Large / Large / Medium / Small,Tous secteurs / toutes industries,Year0,Small / Medium / Large / X Large / XX Large,2,"1.2.1, 1.2.2",politique/procédure documentée,Politique interne ; entretiens ; communications,TE1.2,TE1.2,,305,308,XX Large | All | All || X Large | All | All || Large | All | All || Medium | All | All || Small | All | All || Micro | None | None || Company without workers | None | None
FW,Fair Work,FW2,The company implements fair wage practices.,FW2.1,sous_exigence,The company has a policy of not requesting wage histories from job applicants.,L'entreprise a pour politique de ne pas demander les antécédents salariaux des candidats et candidates,XX Large / X Large / Large / Medium / Small,Tous secteurs / toutes industries,Year0,Small / Medium / Large / X Large / XX Large,1,2.1.1,politique/procédure documentée,Politique / procédure ; entretiens,TE2.1,TE2.1,,309,312,XX Large | All | All || X Large | All | All || Large | All | All || Medium | All | All || Small | All | All || Micro | None | None || Company without workers | None | None
FW,Fair Work,FW2,The company implements fair wage practices.,FW2.2,sous_exigence,The company tells workers how it sets their wage and what benefits they are entitled to.,L'entreprise informe les collaborateurs et collaboratrices de la manière dont leur salaire est déterminé et des avantages auxquels ils et elles ont droit,XX Large / X Large / Large / Medium / Small / Micro,Tous secteurs / toutes industries,Year0,Micro / Small / Medium,3,"2.2.1, 2.2.2, 2.2.3",,Communications ; politique accessible ; bulletins de paie,TE2.2,TE2.2,,313,316,XX Large | All | All || X Large | All | All || Large | All | All || Medium | All | All || Small | All | All || Micro | All | All || Company without workers | None | None
FW,Fair Work,FW2,The company implements fair wage practices.,FW2.3,sous_exigence,The company has wage scales.,L'entreprise dispose d'une grille salariale,XX Large / X Large / Large,Tous secteurs / toutes industries,Year3,Large / X Large / XX Large,2,"2.3.1, 2.3.2",,Grille salariale ; accès intranet ; entretiens,TE2.3,TE2.3,,317,320,XX Large | All | All || X Large | All | All || Large | All | All || Medium | None | None || Small | None | None || Micro | None | None || Company without workers | None | None
FW,Fair Work,FW2,The company implements fair wage practices.,FW2.4,sous_exigence,The company calculates its gender wage gap.,L'entreprise calcule son écart de salaire entre les femmes et les hommes,XX Large / X Large / Large,Tous secteurs / toutes industries,Year0,Large / X Large / XX Large,5,"2.4.1, 2.4.2, 2.4.3, 2.4.4, 2.4.5",données chiffrées / calcul; vérification tierce,Calculs détaillés ; note méthodologique,TE2.4,TE2.4,,321,325,XX Large | All | All || X Large | All | All || Large | All | All || Medium | None | None || Small | None | None || Micro | None | None || Company without workers | None | None
FW,Fair Work,FW2,The company implements fair wage practices.,FW2.5,sous_exigence,The company publicly shares its gender wage gap or gaps.,L'entreprise publie son ou ses écarts de salaires entre les hommes et les femmes,XX Large / X Large,Tous secteurs / toutes industries,Year0,X Large / XX Large,1,2.5.1,publication / accès public; données chiffrées / calcul,Page web / rapport public avec méthodologie,TE2.5,TE2.5,,326,329,XX Large | All | All || X Large | All | All || Large | None | None || Medium | None | None || Small | None | None || Micro | None | None || Company without workers | None | None
FW,Fair Work,FW2,The company implements fair wage practices.,FW2.6,sous_exigence,"The company maintains a closed gender wage gap, reduces the gap, or justifies why the gap is not sufficiently closed.","L'entreprise élimine l'écart de salaires entre les hommes et les femmes, le réduit ou justifie les raisons",XX Large / X Large / Large,Tous secteurs / toutes industries,Year3,Large / X Large / XX Large,3,"2.6.1, 2.6.2, 2.6.3",registre / trace interne; données chiffrées / calcul,Calculs ; justification écrite ; plan d'action,TE2.6,TE2.6,,330,333,XX Large | All | All || X Large | All | All || Large | All | All || Medium | None | None || Small | None | None || Micro | None | None || Company without workers | None | None
FW,Fair Work,FW2,The company implements fair wage practices.,FW2.7,sous_exigence,The company evaluates equal pay for work of equal value.,L'entreprise évalue le salaire égal pour un poste à valeur égale,XX Large / X Large,Tous secteurs / toutes industries,Year5,X Large / XX Large,7,"2.7.1, 2.7.2, 2.7.3, 2.7.4, 2.7.5, 2.7.6, 2.7.7",données chiffrées / calcul; évaluation / analyse; plan / stratégie / objectifs; consultation parties prenantes / salariés,Évaluation des emplois ; méthodologie ; date ; plan correctif,TE2.7,TE2.7,,334,338,XX Large | All | All || X Large | All | All || Large | None | None || Medium | None | None || Small | None | None || Micro | None | None || Company without workers | None | None
FW,Fair Work,FW2,The company implements fair wage practices.,FW2.8,sous_exigence,The company implements fair wage practices for its lowest-paid employees.,L'entreprise met en œuvre des pratiques salariales équitables pour ses salarié·es les moins bien rémunéré·es,XX Large / X Large / Large / Medium / Small / Micro,Tous secteurs / toutes industries,Year3,None,1,2.8.1,données chiffrées / calcul; plan / stratégie / objectifs,Option retenue par site ; données de paie ; estimation du salaire de subsistance ; accords collectifs,TE2.8,TE2.8,,339,340,XX Large | All | All || X Large | All | All || Large | All | All || Medium | All | All || Small | All | All || Micro | All | All || Company without workers | None | None
FW,Fair Work,FW2,The company implements fair wage practices.,FW2.8.a,option,The company pays employees a living wage.,,XX Large / X Large / Large / Medium / Small / Micro,Tous secteurs / toutes industries,Year3,None,3,"2.8.a.1, 2.8.a.2, 2.8.a.3",approbation instance dirigeante; données chiffrées / calcul,,,TE2.8.a,,341,354,XX Large | All | All || X Large | All | All || Large | All | All || Medium | All | All || Small | All | All || Micro | All | All || Company without workers | None | None
FW,Fair Work,FW2,The company implements fair wage practices.,FW2.8.b,option,The company pays employees a collectively-bargained wage.,,XX Large / X Large / Large / Medium / Small / Micro,Tous secteurs / toutes industries,Year3,None,2,"2.8.b.1, 2.8.b.2",contrat / engagement signé,,,TE2.8.b,,355,358,XX Large | All | All || X Large | All | All || Large | All | All || Medium | All | All || Small | All | All || Micro | All | All || Company without workers | None | None
FW,Fair Work,FW2,The company implements fair wage practices.,FW2.8.c,option,"The company calculates its living wage gap, creates a closure plan, and meets two additional criteria.",,XX Large / X Large / Large / Medium / Small / Micro,Tous secteurs / toutes industries,Year3,None,4,"2.8.c.1, 2.8.c.2, 2.8.c.3, 2.8.c.4",publication / accès public; données chiffrées / calcul; plan / stratégie / objectifs; vérification tierce,,,TE2.8.c,,359,375,XX Large | All | All || X Large | All | All || Large | All | All || Medium | All | All || Small | All | All || Micro | All | All || Company without workers | None | None
FW,Fair Work,FW3,The company considers feedback from workers on decisions that affect them.,FW3.1,sous_exigence,The company has an employee representation mechanism.,L'entreprise possède un dispositif de représentation des salarié·es,XX Large / X Large,Tous secteurs / toutes industries,Year3,None,5,"3.1.1, 3.1.2, 3.1.3, 3.1.4, 3.1.5",publication / accès public; approbation instance dirigeante; registre / trace interne; formation / communication interne,Documents de gouvernance ; liste des représentants ; CR de réunions,TE3.1,TE3.1,,376,380,XX Large | All | All || X Large | All | All || Large | None | None || Medium | None | None || Small | None | None || Micro | None | None || Company without workers | None | None
FW,Fair Work,FW3,The company considers feedback from workers on decisions that affect them.,FW3.2,sous_exigence,The company considers feedback from workers on decisions that affect them.,L'entreprise prend en compte les retours des collaborateurs et collaboratrices sur les décisions qui les concernent,XX Large / X Large / Large / Medium / Small,Tous secteurs / toutes industries,Year0,None,3,"3.2.1, 3.2.2, 3.2.3",consultation parties prenantes / salariés; formation / communication interne,Communications ; ateliers / enquêtes ; entretiens,TE3.2,TE3.2,,381,385,XX Large | All | All || X Large | All | All || Large | All | All || Medium | All | All || Small | All | All || Micro | None | None || Company without workers | None | None
FW,Fair Work,FW4,The company measures workplace culture and takes action to improve it.,FW4.1,sous_exigence,The company measures workplace culture regularly.,L'entreprise évalue régulièrement la culture d'entreprise,XX Large / X Large / Large / Medium / Small,Tous secteurs / toutes industries,Year0,None,6,"4.1.1, 4.1.2, 4.1.3, 4.1.4, 4.1.5, 4.1.6",données chiffrées / calcul; consultation parties prenantes / salariés; formation / communication interne,"Rapports d'enquête / ateliers (satisfaction, bien-être, appartenance, engagement, sécurité psychologique)",TE4.1,TE4.1,,386,392,XX Large | All | All || X Large | All | All || Large | All | All || Medium | All | All || Small | All | All || Micro | None | None || Company without workers | None | None
FW,Fair Work,FW4,The company measures workplace culture and takes action to improve it.,FW4.2,sous_exigence,The company has a plan to continuously improve its workplace culture.,L'entreprise a un plan d'amélioration continue de sa culture d'entreprise,XX Large / X Large / Large / Medium / Small,Tous secteurs / toutes industries,Year3,Small / Medium / Large / X Large / XX Large,4,"4.2.1, 4.2.2, 4.2.3, 4.2.4",approbation instance dirigeante; données chiffrées / calcul; plan / stratégie / objectifs,Plan d'amélioration ; approbation ; calendrier,TE4.2,TE4.2,,393,395,XX Large | All | All || X Large | All | All || Large | All | All || Medium | All | All || Small | All | All || Micro | None | None || Company without workers | None | None
FW,Fair Work,FW4,The company measures workplace culture and takes action to improve it.,FW4.3,sous_exigence,The company disaggregates its workplace culture measurements by gender identity or sex at birth.,Les résultats des enquêtes sur la culture d'entreprise sont ventilés par identité de genre ou selon le sexe à la naissance,XX Large / X Large / Large,Tous secteurs / toutes industries,Year3,Medium / Large / X Large / XX Large,3,"4.3.1, 4.3.2, 4.3.3",politique/procédure documentée; données chiffrées / calcul,Données ventilées ; mesures de protection de l'anonymat,TE4.3,TE4.3,,396,399,XX Large | All | All || X Large | All | All || Large | All | All || Medium | None | None || Small | None | None || Micro | None | None || Company without workers | None | None
FW,Fair Work,FW4,The company measures workplace culture and takes action to improve it.,FW4.4,sous_exigence,The company disaggregates its workplace culture measurements by one additional social identity.,Les résultats des enquêtes sur la culture d'entreprise sont ventilés selon un autre aspect de l'identité sociale,XX Large / X Large / Large,Tous secteurs / toutes industries,Year3,Large / X Large / XX Large,4,"4.4.1, 4.4.2, 4.4.3, 4.4.4",politique/procédure documentée; données chiffrées / calcul; consultation parties prenantes / salariés,Données ventilées ; justification du choix ; mesures de protection,TE4.4,TE4.4,,400,404,XX Large | All | All || X Large | All | All || Large | All | All || Medium | None | None || Small | None | None || Micro | None | None || Company without workers | None | None
JEDI,"Justice, Equity, Diversity & Inclusion",JEDI1,The company collects data to inform its JEDI actions.,JEDI1.1,sous_exigence,The company collects data to inform its JEDI actions.,L'entreprise collecte des données afin d'orienter ses actions en matière de JEDI.,XX Large / X Large / Large / Medium / Small,Tous secteurs / toutes industries,Year0,Small / Medium / Large / X Large / XX Large,4,"1.1.1, 1.1.2, 1.1.3, 1.1.4",registre / trace interne; données chiffrées / calcul; consultation parties prenantes / salariés,"CR de discussions ou résultats d'enquête ; données ventilées (genre, niveaux, rétention, recrutement, promotion, salaires...)",JEDI1.1,JEDI1.1,,422,429,XX Large | All | All || X Large | All | All || Large | All | All || Medium | All | All || Small | All | All || Micro | None | None || Company without workers | None | None
JEDI,"Justice, Equity, Diversity & Inclusion",JEDI1,The company collects data to inform its JEDI actions.,JEDI1.2,sous_exigence,The company collects data on one additional social identity for worker-related measurements.,L'entreprise collecte des données sur une identité sociale supplémentaire pour les indicateurs liés aux collaborateurs et collaboratrices.,XX Large / X Large / Large,Tous secteurs / toutes industries,Year3,Large / X Large / XX Large,4,"1.2.1, 1.2.2, 1.2.3, 1.2.4",données chiffrées / calcul; consultation parties prenantes / salariés,Questionnaires ; garanties d'anonymat ; tableaux ventilés,JEDI1.2,JEDI1.2,,430,436,XX Large | All | All || X Large | All | All || Large | All | All || Medium | None | None || Small | None | None || Micro | None | None || Company without workers | None | None
JEDI,"Justice, Equity, Diversity & Inclusion",JEDI2,The company chooses and implements JEDI actions.,JEDI2.1,sous_exigence,The company chooses and implements one JEDI action.,L'entreprise choisit et met en œuvre une action JEDI.,Company without workers,Tous secteurs / toutes industries,Year0,None,1,2.1.1,,Confirmation écrite de l'option retenue (JEDI2.a-s),JEDI2.1,JEDI2.1,,437,438,XX Large | None | None || X Large | None | None || Large | None | None || Medium | None | None || Small | None | None || Micro | None | None || Company without workers | All | All
JEDI,"Justice, Equity, Diversity & Inclusion",JEDI2,The company chooses and implements JEDI actions.,JEDI2.2,sous_exigence,The company chooses its JEDI actions and implements them.,L'entreprise choisit ses actions JEDI et les met en œuvre.,Micro,Tous secteurs / toutes industries,Year0,None,2,"2.2.1, 2.2.2",,Confirmation écrite des options retenues et de leur catégorie,JEDI2.2,JEDI2.2,oui,439,441,XX Large | None | None || X Large | None | None || Large | None | None || Medium | None | None || Small | None | None || Micro | All | All || Company without workers | None | None
JEDI,"Justice, Equity, Diversity & Inclusion",JEDI2,The company chooses and implements JEDI actions.,JEDI2.3,sous_exigence,"The company chooses its JEDI actions using data and stakeholder feedback, records them in a plan, and implements them.","L'entreprise choisit ses actions JEDI sur la base des données et des retours des parties prenantes, les consigne dans un plan et les met en œuvre.",Small,Tous secteurs / toutes industries,Year0,None,7,"2.3.1, 2.3.2, 2.3.3, 2.3.4, 2.3.5, 2.3.6, 2.3.7",registre / trace interne; données chiffrées / calcul; plan / stratégie / objectifs; consultation parties prenantes / salariés; contrat / engagement signé,Options retenues ; données / retours parties prenantes ; plan formalisé ; communication ; entretiens,JEDI2.3,JEDI2.3,oui,442,445,XX Large | None | None || X Large | None | None || Large | None | None || Medium | None | None || Small | All | All || Micro | None | None || Company without workers | None | None
JEDI,"Justice, Equity, Diversity & Inclusion",JEDI2,The company chooses and implements JEDI actions.,JEDI2.4,sous_exigence,"The company chooses its JEDI actions using data and stakeholder feedback, records them in a plan, and implements them.","L'entreprise choisit ses actions JEDI sur la base des données et des retours des parties prenantes, les consigne dans un plan et les met en œuvre.",Medium,Tous secteurs / toutes industries,Year0,None,7,"2.4.1, 2.4.2, 2.4.3, 2.4.4, 2.4.5, 2.4.6, 2.4.7",registre / trace interne; données chiffrées / calcul; plan / stratégie / objectifs; consultation parties prenantes / salariés; contrat / engagement signé,Idem JEDI2.3,JEDI2.4,JEDI2.4,oui,446,449,XX Large | None | None || X Large | None | None || Large | None | None || Medium | All | All || Small | None | None || Micro | None | None || Company without workers | None | None
JEDI,"Justice, Equity, Diversity & Inclusion",JEDI2,The company chooses and implements JEDI actions.,JEDI2.5,sous_exigence,"The company chooses its JEDI actions using data and stakeholder feedback, records them in a plan, and implements them.","L'entreprise choisit ses actions JEDI sur la base des données et des retours des parties prenantes, les consigne dans un plan et les met en œuvre.",Large,Tous secteurs / toutes industries,Year0,None,7,"2.5.1, 2.5.2, 2.5.3, 2.5.4, 2.5.5, 2.5.6, 2.5.7",registre / trace interne; données chiffrées / calcul; plan / stratégie / objectifs; consultation parties prenantes / salariés; contrat / engagement signé,Idem JEDI2.3 + vue annuelle par pays/site,JEDI2.5,JEDI2.5,oui,450,453,XX Large | None | None || X Large | None | None || Large | All | All || Medium | None | None || Small | None | None || Micro | None | None || Company without workers | None | None
JEDI,"Justice, Equity, Diversity & Inclusion",JEDI2,The company chooses and implements JEDI actions.,JEDI2.6,sous_exigence,"The company chooses its JEDI actions using data and stakeholder feedback, records them in a plan, and implements them.","L'entreprise choisit ses actions JEDI sur la base des données et des retours des parties prenantes, les consigne dans un plan et les met en œuvre.",XX Large / X Large,Tous secteurs / toutes industries,Year0,None,7,"2.6.1, 2.6.2, 2.6.3, 2.6.4, 2.6.5, 2.6.6, 2.6.7",registre / trace interne; données chiffrées / calcul; plan / stratégie / objectifs; consultation parties prenantes / salariés; contrat / engagement signé,Idem JEDI2.5,JEDI2.6,JEDI2.6,oui,454,457,XX Large | All | All || X Large | All | All || Large | None | None || Medium | None | None || Small | None | None || Micro | None | None || Company without workers | None | None
JEDI,"Justice, Equity, Diversity & Inclusion",JEDI2,The company chooses and implements JEDI actions.,JEDI2.a,option,The company commits publicly to JEDI principles. [Foundation],,XX Large / X Large / Large / Medium / Small / Micro / Company without workers,Tous secteurs / toutes industries,Year0,N/A,2,"2.a.1, 2.a.2",politique/procédure documentée; approbation instance dirigeante; contrat / engagement signé,,,JEDI2.a,,458,461,XX Large | All | All || X Large | All | All || Large | All | All || Medium | All | All || Small | All | All || Micro | All | All || Company without workers | All | All
JEDI,"Justice, Equity, Diversity & Inclusion",JEDI2,The company chooses and implements JEDI actions.,JEDI2.b,option,The company improves JEDI knowledge and capacity among leaders. [Foundation],,XX Large / X Large / Large / Medium / Small / Micro / Company without workers,Tous secteurs / toutes industries,Year0,N/A,2,"2.b.1, 2.b.2",approbation instance dirigeante; formation / communication interne,,,JEDI2.b,,462,466,XX Large | All | All || X Large | All | All || Large | All | All || Medium | All | All || Small | All | All || Micro | All | All || Company without workers | All | All
JEDI,"Justice, Equity, Diversity & Inclusion",JEDI2,The company chooses and implements JEDI actions.,JEDI2.c,option,The company reviews and updates existing policies using JEDI principles. [Foundation],,XX Large / X Large / Large / Medium / Small / Micro / Company without workers,Tous secteurs / toutes industries,Year0,N/A,3,"2.c.1, 2.c.2, 2.c.3",politique/procédure documentée; données chiffrées / calcul; consultation parties prenantes / salariés,,,JEDI2.c,,467,471,XX Large | All | All || X Large | All | All || Large | All | All || Medium | All | All || Small | All | All || Micro | All | All || Company without workers | All | All
JEDI,"Justice, Equity, Diversity & Inclusion",JEDI2,The company chooses and implements JEDI actions.,JEDI2.d,option,The company’s highest governing body and executive team reflect the diversity of its community. [Foundation],,XX Large / X Large / Large / Medium / Small / Micro / Company without workers,Tous secteurs / toutes industries,Year0,N/A,3,"2.d.1, 2.d.2, 2.d.3",approbation instance dirigeante; données chiffrées / calcul; consultation parties prenantes / salariés,,,JEDI2.d,,472,476,XX Large | All | All || X Large | All | All || Large | All | All || Medium | All | All || Small | All | All || Micro | All | All || Company without workers | All | All
JEDI,"Justice, Equity, Diversity & Inclusion",JEDI2,The company chooses and implements JEDI actions.,JEDI2.e,option,The company carries out an equity audit. [Foundation],,XX Large / X Large / Large / Medium / Small / Micro / Company without workers,Tous secteurs / toutes industries,Year0,N/A,6,"2.e.1, 2.e.2, 2.e.3, 2.e.4, 2.e.5, 2.e.6",publication / accès public; consultation parties prenantes / salariés; vérification tierce; formation / communication interne,,,JEDI2.e,,477,480,XX Large | All | All || X Large | All | All || Large | All | All || Medium | All | All || Small | All | All || Micro | All | All || Company without workers | All | All
JEDI,"Justice, Equity, Diversity & Inclusion",JEDI2,The company chooses and implements JEDI actions.,JEDI2.f,option,The company supports at least two employee resource or affinity groups. [Within the Workplace],,XX Large / X Large / Large / Medium / Small / Micro,Tous secteurs / toutes industries,Year0,N/A,4,"2.f.1, 2.f.2, 2.f.3, 2.f.4",consultation parties prenantes / salariés,,,JEDI2.f,,481,484,XX Large | All | All || X Large | All | All || Large | All | All || Medium | All | All || Small | All | All || Micro | All | All || Company without workers | None | None
JEDI,"Justice, Equity, Diversity & Inclusion",JEDI2,The company chooses and implements JEDI actions.,JEDI2.g,option,The company implements inclusive hiring practices. [Within the Workplace],,XX Large / X Large / Large / Medium / Small / Micro,Tous secteurs / toutes industries,Year0,N/A,1,2.g.1,politique/procédure documentée; registre / trace interne; données chiffrées / calcul,,,JEDI2.g,,485,487,XX Large | All | All || X Large | All | All || Large | All | All || Medium | All | All || Small | All | All || Micro | All | All || Company without workers | None | None
JEDI,"Justice, Equity, Diversity & Inclusion",JEDI2,The company chooses and implements JEDI actions.,JEDI2.h,option,The company provides sponsorship and mentorship opportunities to employees. [Within the Workplace],,XX Large / X Large / Large / Medium / Small / Micro,Tous secteurs / toutes industries,Year0,N/A,6,"2.h.1, 2.h.2, 2.h.3, 2.h.4, 2.h.5, 2.h.6",politique/procédure documentée; registre / trace interne,,,JEDI2.h,,488,492,XX Large | All | All || X Large | All | All || Large | All | All || Medium | All | All || Small | All | All || Micro | All | All || Company without workers | None | None
JEDI,"Justice, Equity, Diversity & Inclusion",JEDI2,The company chooses and implements JEDI actions.,JEDI2.i,option,The company develops and implements an inclusive language guide for internal communications. [Within the Workplace],,XX Large / X Large / Large / Medium / Small / Micro,Tous secteurs / toutes industries,Year0,N/A,4,"2.i.1, 2.i.2, 2.i.3, 2.i.4",formation / communication interne,,,JEDI2.i,,493,496,XX Large | All | All || X Large | All | All || Large | All | All || Medium | All | All || Small | All | All || Micro | All | All || Company without workers | None | None
JEDI,"Justice, Equity, Diversity & Inclusion",JEDI2,The company chooses and implements JEDI actions.,JEDI2.j,option,The company increases its proportion of workers from underrepresented groups to reflect the diversity of its community. [Within the Workplace],,XX Large / X Large / Large / Medium / Small / Micro,Tous secteurs / toutes industries,Year0,N/A,2,"2.j.1, 2.j.2",données chiffrées / calcul,,,JEDI2.j,,497,501,XX Large | All | All || X Large | All | All || Large | All | All || Medium | All | All || Small | All | All || Micro | All | All || Company without workers | None | None
JEDI,"Justice, Equity, Diversity & Inclusion",JEDI2,The company chooses and implements JEDI actions.,JEDI2.k,option,The company provides additional types of paid leave beyond legal minimums. [Within the Workplace],,XX Large / X Large / Large / Medium / Small / Micro,Tous secteurs / toutes industries,Year0,N/A,5,"2.k.1, 2.k.2, 2.k.3, 2.k.4, 2.k.5",politique/procédure documentée; registre / trace interne; consultation parties prenantes / salariés,,,JEDI2.k,,502,505,XX Large | All | All || X Large | All | All || Large | All | All || Medium | All | All || Small | All | All || Micro | All | All || Company without workers | None | None
JEDI,"Justice, Equity, Diversity & Inclusion",JEDI2,The company chooses and implements JEDI actions.,JEDI2.l,option,The company’s internal communication tools meet accessibility standards. [Within the Workplace],,XX Large / X Large / Large / Medium / Small / Micro,Tous secteurs / toutes industries,Year0,N/A,2,"2.l.1, 2.l.2",évaluation / analyse; consultation parties prenantes / salariés; formation / communication interne,,,JEDI2.l,,506,509,XX Large | All | All || X Large | All | All || Large | All | All || Medium | All | All || Small | All | All || Micro | All | All || Company without workers | None | None
JEDI,"Justice, Equity, Diversity & Inclusion",JEDI2,The company chooses and implements JEDI actions.,JEDI2.m,option,The company’s website meets accessibility standards. [Beyond the Workplace],,XX Large / X Large / Large / Medium / Small / Micro / Company without workers,Tous secteurs / toutes industries,Year0,N/A,2,"2.m.1, 2.m.2",publication / accès public; évaluation / analyse; consultation parties prenantes / salariés,,,JEDI2.m,,510,513,XX Large | All | All || X Large | All | All || Large | All | All || Medium | All | All || Small | All | All || Micro | All | All || Company without workers | All | All
JEDI,"Justice, Equity, Diversity & Inclusion",JEDI2,The company chooses and implements JEDI actions.,JEDI2.n,option,The company communicates its JEDI action plan and progress publicly. [Beyond the Workplace],,XX Large / X Large / Large / Medium / Small / Micro / Company without workers,Tous secteurs / toutes industries,Year0,N/A,1,2.n.1,publication / accès public; plan / stratégie / objectifs; formation / communication interne,,,JEDI2.n,,514,517,XX Large | All | All || X Large | All | All || Large | All | All || Medium | All | All || Small | All | All || Micro | All | All || Company without workers | All | All
JEDI,"Justice, Equity, Diversity & Inclusion",JEDI2,The company chooses and implements JEDI actions.,JEDI2.o,option,The company promotes diversity among its local suppliers. [Beyond the Workplace],,XX Large / X Large / Large / Medium / Small / Micro / Company without workers,Tous secteurs / toutes industries,Year0,N/A,1,2.o.1,politique/procédure documentée; registre / trace interne; données chiffrées / calcul; plan / stratégie / objectifs,,,JEDI2.o,,518,521,XX Large | All | All || X Large | All | All || Large | All | All || Medium | All | All || Small | All | All || Micro | All | All || Company without workers | All | All
JEDI,"Justice, Equity, Diversity & Inclusion",JEDI2,The company chooses and implements JEDI actions.,JEDI2.p,option,The company develops and implements an inclusive communications and ethical content guide for external communications. [Beyond the Workplace],,XX Large / X Large / Large / Medium / Small / Micro / Company without workers,Tous secteurs / toutes industries,Year0,N/A,2,"2.p.1, 2.p.2",formation / communication interne,,,JEDI2.p,,522,526,XX Large | All | All || X Large | All | All || Large | All | All || Medium | All | All || Small | All | All || Micro | All | All || Company without workers | All | All
JEDI,"Justice, Equity, Diversity & Inclusion",JEDI2,The company chooses and implements JEDI actions.,JEDI2.q,option,The company assesses how inclusive a product or service is. [Beyond the Workplace],,XX Large / X Large / Large / Medium / Small / Micro / Company without workers,Tous secteurs / toutes industries,Year0,N/A,2,"2.q.1, 2.q.2",évaluation / analyse; consultation parties prenantes / salariés,,,JEDI2.q,,527,529,XX Large | All | All || X Large | All | All || Large | All | All || Medium | All | All || Small | All | All || Micro | All | All || Company without workers | All | All
JEDI,"Justice, Equity, Diversity & Inclusion",JEDI2,The company chooses and implements JEDI actions.,JEDI2.r,option,The company redesigns a product or service to be more inclusive. [Beyond the Workplace],,XX Large / X Large / Large / Medium / Small / Micro / Company without workers,Tous secteurs / toutes industries,Year0,N/A,3,"2.r.1, 2.r.2, 2.r.3",publication / accès public; consultation parties prenantes / salariés; contrat / engagement signé,,,JEDI2.r,,530,533,XX Large | All | All || X Large | All | All || Large | All | All || Medium | All | All || Small | All | All || Micro | All | All || Company without workers | All | All
JEDI,"Justice, Equity, Diversity & Inclusion",JEDI2,The company chooses and implements JEDI actions.,JEDI2.s,option,The company takes part in at least one collective action to advance JEDI principles. [Beyond the Workplace],,XX Large / X Large / Large / Medium / Small / Micro / Company without workers,Tous secteurs / toutes industries,Year0,N/A,3,"2.s.1, 2.s.2, 2.s.3",politique/procédure documentée; consultation parties prenantes / salariés,,,JEDI2.s,,534,537,XX Large | All | All || X Large | All | All || Large | All | All || Medium | All | All || Small | All | All || Micro | All | All || Company without workers | All | All
HR,Human Rights,HR1,The company commits publicly to respecting human rights.,HR1.1,sous_exigence,The company commits publicly to respecting human rights.,L'entreprise s'engage publiquement à respecter les droits humains,Medium / Small / Micro,Medium: Service with Minor Environmental Footprint | Small: All | Micro: All,Year0,None,1,1.1.1,publication / accès public,Lien vers la page / document public d'engagement,DH1.1,DH1.1,,563,567,XX Large | None | None || X Large | None | None || Large | None | None || Medium | Service with Minor Environmental Footprint | All || Small | All | All || Micro | All | All || Company without workers | None | None
HR,Human Rights,HR1,The company commits publicly to respecting human rights.,HR1.2,sous_exigence,The company has a public human rights policy.,L'entreprise dispose d'une politique publique en matière de droits humains,XX Large / X Large / Large / Medium,"XX Large: Wholesale/Retail, Service with Significant Environmental Footprint, Service with Minor Environmental Footprint, Manufacturing, Agriculture/Growers | X Large: Wholesale/Retail, Service with Significant Environmental Footprint, Service with Minor Environmental Footprint, Manufacturing, Agriculture/Growers | Large: Wholesale/Retail, Service with Significant Environmental Footprint, Service with Minor Environmental Footprint, Manufacturing, Agriculture/Growers | Medium: Wholesale/Retail, Service with Significant Environmental Footprint, Manufacturing, Agriculture/Growers",Year0,None,4,"1.2.1, 1.2.2, 1.2.3, 1.2.4",politique/procédure documentée; approbation instance dirigeante; évaluation / analyse,"Politique publique approuvée par la direction, couvrant toutes les personnes et communautés affectées",DH1.2,DH1.2,,568,574,XX Large | Wholesale/Retail | All || XX Large | Service with Significant Environmental Footprint | All || XX Large | Service with Minor Environmental Footprint | All || XX Large | Manufacturing | All || XX Large | Agriculture/Growers | All || X Large | Wholesale/Retail | All || X Large | Service with Significant Environmental Footprint | All || X Large | Service with Minor Environmental Footprint | All || X Large | Manufacturing | All || X Large | Agriculture/Growers | All || Large | Wholesale/Retail | All || Large | Service with Significant Environmental Footprint | All || Large | Service with Minor Environmental Footprint | All || Large | Manufacturing | All || Large | Agriculture/Growers | All || Medium | Wholesale/Retail | All || Medium | Service with Significant Environmental Footprint | All || Medium | Manufacturing | All || Medium | Agriculture/Growers | All || Small | None | None || Micro | None | None || Company without workers | None | None
HR,Human Rights,HR2,The company knows its salient human rights issues and has a strategy to address them.,HR2.1,sous_exigence,The company identifies its salient human rights issues.,L'entreprise identifie ses enjeux majeurs en matière de droits humains,XX Large / X Large / Large / Medium,"XX Large: Wholesale/Retail, Service with Significant Environmental Footprint, Service with Minor Environmental Footprint, Manufacturing, Agriculture/Growers | X Large: Wholesale/Retail, Service with Significant Environmental Footprint, Service with Minor Environmental Footprint, Manufacturing, Agriculture/Growers | Large: Wholesale/Retail, Service with Significant Environmental Footprint, Service with Minor Environmental Footprint, Manufacturing, Agriculture/Growers | Medium: Wholesale/Retail, Service with Significant Environmental Footprint, Manufacturing, Agriculture/Growers",Year0,None,4,"2.1.1, 2.1.2, 2.1.3, 2.1.4",évaluation / analyse; consultation parties prenantes / salariés,"Liste hiérarchisée des enjeux saillants, évaluations d'impact, données sociales (< 36 mois)",DH2.1,DH2.1,,575,584,XX Large | Wholesale/Retail | All || XX Large | Service with Significant Environmental Footprint | All || XX Large | Service with Minor Environmental Footprint | All || XX Large | Manufacturing | All || XX Large | Agriculture/Growers | All || X Large | Wholesale/Retail | All || X Large | Service with Significant Environmental Footprint | All || X Large | Service with Minor Environmental Footprint | All || X Large | Manufacturing | All || X Large | Agriculture/Growers | All || Large | Wholesale/Retail | All || Large | Service with Significant Environmental Footprint | All || Large | Service with Minor Environmental Footprint | All || Large | Manufacturing | All || Large | Agriculture/Growers | All || Medium | Wholesale/Retail | All || Medium | Service with Significant Environmental Footprint | All || Medium | Manufacturing | All || Medium | Agriculture/Growers | All || Small | None | None || Micro | None | None || Company without workers | None | None
HR,Human Rights,HR2,The company knows its salient human rights issues and has a strategy to address them.,HR2.2,sous_exigence,The company publicly shares its salient human rights issues.,L'entreprise partage publiquement ses enjeux majeurs en matière de droits humains,XX Large / X Large / Large / Medium,"XX Large: Wholesale/Retail, Service with Significant Environmental Footprint, Service with Minor Environmental Footprint, Manufacturing, Agriculture/Growers | X Large: Wholesale/Retail, Service with Significant Environmental Footprint, Service with Minor Environmental Footprint, Manufacturing, Agriculture/Growers | Large: Wholesale/Retail, Service with Significant Environmental Footprint, Service with Minor Environmental Footprint, Manufacturing, Agriculture/Growers | Medium: Wholesale/Retail, Service with Significant Environmental Footprint, Manufacturing, Agriculture/Growers",Year3,Medium / Large / X Large / XX Large,2,"2.2.1, 2.2.2",publication / accès public; évaluation / analyse,Lien vers la publication (enjeux + méthodologie),DH2.2,DH2.2,,585,588,XX Large | Wholesale/Retail | All || XX Large | Service with Significant Environmental Footprint | All || XX Large | Service with Minor Environmental Footprint | All || XX Large | Manufacturing | All || XX Large | Agriculture/Growers | All || X Large | Wholesale/Retail | All || X Large | Service with Significant Environmental Footprint | All || X Large | Service with Minor Environmental Footprint | All || X Large | Manufacturing | All || X Large | Agriculture/Growers | All || Large | Wholesale/Retail | All || Large | Service with Significant Environmental Footprint | All || Large | Service with Minor Environmental Footprint | All || Large | Manufacturing | All || Large | Agriculture/Growers | All || Medium | Wholesale/Retail | All || Medium | Service with Significant Environmental Footprint | All || Medium | Manufacturing | All || Medium | Agriculture/Growers | All || Small | None | None || Micro | None | None || Company without workers | None | None
HR,Human Rights,HR2,The company knows its salient human rights issues and has a strategy to address them.,HR2.3,sous_exigence,The company has a strategy to address its salient human rights issues.,L'entreprise dispose d'une stratégie pour traiter ses enjeux majeurs en matière de droits humains,XX Large / X Large / Large / Medium,"XX Large: Wholesale/Retail, Service with Significant Environmental Footprint, Manufacturing, Agriculture/Growers | X Large: Wholesale/Retail, Service with Significant Environmental Footprint, Manufacturing, Agriculture/Growers | Large: Wholesale/Retail, Service with Significant Environmental Footprint, Manufacturing, Agriculture/Growers | Medium: Wholesale/Retail, Service with Significant Environmental Footprint, Manufacturing, Agriculture/Growers",Year3,None,5,"2.3.1, 2.3.2, 2.3.3, 2.3.4, 2.3.5",approbation instance dirigeante; plan / stratégie / objectifs; consultation parties prenantes / salariés,Stratégie (< 12 mois) ; approbation ; plan de mise en œuvre,DH2.3,DH2.3,,589,594,XX Large | Wholesale/Retail | All || XX Large | Service with Significant Environmental Footprint | All || XX Large | Manufacturing | All || XX Large | Agriculture/Growers | All || X Large | Wholesale/Retail | All || X Large | Service with Significant Environmental Footprint | All || X Large | Manufacturing | All || X Large | Agriculture/Growers | All || Large | Wholesale/Retail | All || Large | Service with Significant Environmental Footprint | All || Large | Manufacturing | All || Large | Agriculture/Growers | All || Medium | Wholesale/Retail | All || Medium | Service with Significant Environmental Footprint | All || Medium | Manufacturing | All || Medium | Agriculture/Growers | All || Small | None | None || Micro | None | None || Company without workers | None | None
HR,Human Rights,HR2,The company knows its salient human rights issues and has a strategy to address them.,HR2.4,sous_exigence,The company makes progress on its human rights strategy and evaluates its effectiveness.,L'entreprise met en œuvre sa stratégie en matière de droits humains et évalue son efficacité,XX Large / X Large / Large / Medium,"XX Large: Wholesale/Retail, Service with Significant Environmental Footprint, Manufacturing, Agriculture/Growers | X Large: Wholesale/Retail, Service with Significant Environmental Footprint, Manufacturing, Agriculture/Growers | Large: Wholesale/Retail, Service with Significant Environmental Footprint, Manufacturing, Agriculture/Growers | Medium: Wholesale/Retail, Service with Significant Environmental Footprint, Manufacturing, Agriculture/Growers",Year5,Medium / Large / X Large / XX Large,4,"2.4.1, 2.4.2, 2.4.3, 2.4.4",approbation instance dirigeante; registre / trace interne; données chiffrées / calcul; évaluation / analyse; plan / stratégie / objectifs,Comptes rendus d'avancement ; rapports d'efficacité ; consultations externes ; mises à jour,DH2.4,DH2.4,,595,599,XX Large | Wholesale/Retail | All || XX Large | Service with Significant Environmental Footprint | All || XX Large | Manufacturing | All || XX Large | Agriculture/Growers | All || X Large | Wholesale/Retail | All || X Large | Service with Significant Environmental Footprint | All || X Large | Manufacturing | All || X Large | Agriculture/Growers | All || Large | Wholesale/Retail | All || Large | Service with Significant Environmental Footprint | All || Large | Manufacturing | All || Large | Agriculture/Growers | All || Medium | Wholesale/Retail | All || Medium | Service with Significant Environmental Footprint | All || Medium | Manufacturing | All || Medium | Agriculture/Growers | All || Small | None | None || Micro | None | None || Company without workers | None | None
HR,Human Rights,HR2,The company knows its salient human rights issues and has a strategy to address them.,HR2.5,sous_exigence,The company publicly shares the effectiveness of its human rights strategy.,L'entreprise partage publiquement l'efficacité de sa stratégie en matière de droits humains,XX Large,"XX Large: Wholesale/Retail, Service with Significant Environmental Footprint, Manufacturing, Agriculture/Growers",Year5,None,4,"2.5.1, 2.5.2, 2.5.3, 2.5.4",publication / accès public; évaluation / analyse; plan / stratégie / objectifs,Rapport public (< 36 mois),DH2.5,DH2.5,,600,603,XX Large | Wholesale/Retail | All || XX Large | Service with Significant Environmental Footprint | All || XX Large | Manufacturing | All || XX Large | Agriculture/Growers | All || X Large | None | None || Large | None | None || Medium | None | None || Small | None | None || Micro | None | None || Company without workers | None | None
HR,Human Rights,HR2,The company knows its salient human rights issues and has a strategy to address them.,HR2.6,sous_exigence,The company’s policies and procedures address its salient human rights issues.,Les politiques et procédures de l'entreprise couvrent ses enjeux majeurs en matière de droits humains,XX Large / X Large / Large / Medium,"XX Large: Wholesale/Retail, Service with Significant Environmental Footprint, Manufacturing, Agriculture/Growers | X Large: Wholesale/Retail, Service with Significant Environmental Footprint, Manufacturing, Agriculture/Growers | Large: Wholesale/Retail, Service with Significant Environmental Footprint, Manufacturing, Agriculture/Growers | Medium: Wholesale/Retail, Service with Significant Environmental Footprint, Manufacturing, Agriculture/Growers",Year3,Medium / Large / X Large / XX Large,2,"2.6.1, 2.6.2",politique/procédure documentée,Politique ou procédure pour chaque enjeu saillant,DH2.6,DH2.6,,604,608,XX Large | Wholesale/Retail | All || XX Large | Service with Significant Environmental Footprint | All || XX Large | Manufacturing | All || XX Large | Agriculture/Growers | All || X Large | Wholesale/Retail | All || X Large | Service with Significant Environmental Footprint | All || X Large | Manufacturing | All || X Large | Agriculture/Growers | All || Large | Wholesale/Retail | All || Large | Service with Significant Environmental Footprint | All || Large | Manufacturing | All || Large | Agriculture/Growers | All || Medium | Wholesale/Retail | All || Medium | Service with Significant Environmental Footprint | All || Medium | Manufacturing | All || Medium | Agriculture/Growers | All || Small | None | None || Micro | None | None || Company without workers | None | None
HR,Human Rights,HR2,The company knows its salient human rights issues and has a strategy to address them.,HR2.7,sous_exigence,Workers in relevant roles receive the guidance they need to implement the policies and procedures related to human rights.,Les collaborateurs occupant des postes concernés reçoivent les orientations nécessaires pour mettre en œuvre les politiques et procédures,XX Large / X Large / Large / Medium,"XX Large: Wholesale/Retail, Service with Significant Environmental Footprint, Manufacturing, Agriculture/Growers | X Large: Wholesale/Retail, Service with Significant Environmental Footprint, Agriculture/Growers, Manufacturing | Large: Wholesale/Retail, Service with Significant Environmental Footprint, Manufacturing, Agriculture/Growers | Medium: Wholesale/Retail, Service with Significant Environmental Footprint, Manufacturing, Agriculture/Growers",Year3,Medium / Large / X Large / XX Large,2,"2.7.1, 2.7.2",politique/procédure documentée; formation / communication interne,Supports de formation ; présence ; fiches de poste ; entretiens,DH2.7,DH2.7,,609,613,XX Large | Wholesale/Retail | All || XX Large | Service with Significant Environmental Footprint | All || XX Large | Manufacturing | All || XX Large | Agriculture/Growers | All || X Large | Wholesale/Retail | All || X Large | Service with Significant Environmental Footprint | All || X Large | Agriculture/Growers | All || X Large | Manufacturing | All || Large | Wholesale/Retail | All || Large | Service with Significant Environmental Footprint | All || Large | Manufacturing | All || Large | Agriculture/Growers | All || Medium | Wholesale/Retail | All || Medium | Service with Significant Environmental Footprint | All || Medium | Manufacturing | All || Medium | Agriculture/Growers | All || Small | None | None || Micro | None | None || Company without workers | None | None
HR,Human Rights,HR3,"The company prevents, mitigates, and remediates actual and potential negative human rights impacts.",HR3.1,sous_exigence,"The company has a process to collect, prioritize, and escalate information on actual and potential negative human rights impacts.","L'entreprise dispose d'un processus pour collecter, hiérarchiser et faire remonter les impacts négatifs",XX Large / X Large / Large / Medium,"XX Large: Wholesale/Retail, Service with Significant Environmental Footprint, Service with Minor Environmental Footprint, Manufacturing, Agriculture/Growers | X Large: Wholesale/Retail, Service with Significant Environmental Footprint, Service with Minor Environmental Footprint, Manufacturing, Agriculture/Growers | Large: Wholesale/Retail, Service with Significant Environmental Footprint, Service with Minor Environmental Footprint, Manufacturing, Agriculture/Growers | Medium: Wholesale/Retail, Service with Significant Environmental Footprint, Manufacturing, Agriculture/Growers",Year0,Medium / Large / X Large / XX Large,4,"3.1.1, 3.1.2, 3.1.3, 3.1.4",politique/procédure documentée; évaluation / analyse,Procédure de collecte/priorisation/escalade ; rôles définis,DH3.1,DH3.1,,614,620,XX Large | Wholesale/Retail | All || XX Large | Service with Significant Environmental Footprint | All || XX Large | Service with Minor Environmental Footprint | All || XX Large | Manufacturing | All || XX Large | Agriculture/Growers | All || X Large | Wholesale/Retail | All || X Large | Service with Significant Environmental Footprint | All || X Large | Service with Minor Environmental Footprint | All || X Large | Manufacturing | All || X Large | Agriculture/Growers | All || Large | Wholesale/Retail | All || Large | Service with Significant Environmental Footprint | All || Large | Service with Minor Environmental Footprint | All || Large | Manufacturing | All || Large | Agriculture/Growers | All || Medium | Wholesale/Retail | All || Medium | Service with Significant Environmental Footprint | All || Medium | Manufacturing | All || Medium | Agriculture/Growers | All || Small | None | None || Micro | None | None || Company without workers | None | None
HR,Human Rights,HR3,"The company prevents, mitigates, and remediates actual and potential negative human rights impacts.",HR3.2,sous_exigence,"The company prevents, mitigates, and remediates actual and potential negative human rights impacts.","L'entreprise prévient, atténue et répare les impacts négatifs réels et potentiels",XX Large / X Large / Large / Medium,"XX Large: Service with Minor Environmental Footprint, Service with Significant Environmental Footprint, Wholesale/Retail, Manufacturing, Agriculture/Growers | X Large: Service with Minor Environmental Footprint, Wholesale/Retail, Service with Significant Environmental Footprint, Manufacturing, Agriculture/Growers | Large: Service with Minor Environmental Footprint, Wholesale/Retail, Service with Significant Environmental Footprint, Manufacturing, Agriculture/Growers | Medium: Wholesale/Retail, Service with Significant Environmental Footprint, Manufacturing, Agriculture/Growers",Year3,Medium / Large / X Large / XX Large,3,"3.2.1, 3.2.2, 3.2.3",,Comptes rendus d'actions ; engagements ; rapports d'impact,DH3.2,DH3.2,,621,627,XX Large | Service with Minor Environmental Footprint | All || XX Large | Service with Significant Environmental Footprint | All || XX Large | Wholesale/Retail | All || XX Large | Manufacturing | All || XX Large | Agriculture/Growers | All || X Large | Service with Minor Environmental Footprint | All || X Large | Wholesale/Retail | All || X Large | Service with Significant Environmental Footprint | All || X Large | Manufacturing | All || X Large | Agriculture/Growers | All || Large | Service with Minor Environmental Footprint | All || Large | Wholesale/Retail | All || Large | Service with Significant Environmental Footprint | All || Large | Manufacturing | All || Large | Agriculture/Growers | All || Medium | Wholesale/Retail | All || Medium | Service with Significant Environmental Footprint | All || Medium | Manufacturing | All || Medium | Agriculture/Growers | All || Small | None | None || Micro | None | None || Company without workers | None | None
HR,Human Rights,HR3,"The company prevents, mitigates, and remediates actual and potential negative human rights impacts.",HR3.3,sous_exigence,"The company assesses the potential negative human rights impacts related to potential organizational clients and projects, and takes necessary mitigation actions.",L'entreprise évalue les impacts négatifs potentiels liés aux clients organisationnels et projets,XX Large / X Large / Large / Medium / Small / Micro / Company without workers,"XX Large: Service with Minor Environmental Footprint [Security & investigation], Service with Minor Environmental Footprint [Data processing & hosting], Service with Minor Environmental Footprint [Mobile applications], Service with Minor Environmental Footprint [Other info service activities], Service with Minor Environmental Footprint [Social networks & info sharing], Service with Minor Environmental Footprint [Software publishing and SaaS plat- forms], Service with Minor Environmental Footprint [Telecommunications], Service with Minor Environmental Footprint [Web portals], Service with Minor Environmental Footprint [Computer programming services], Service with Minor Environmental Footprint [Advertising & market research], Service with Minor Environmental Footprint [Legal activities], Service with Minor Environmental Footprint [Management consultant - for-profits], Service with Minor Environmental Footprint [Book publishing], Service with Minor Environmental Footprint [Publishing - newspapers & magazines], Service with Minor Environmental Footprint [Architecture design & planning], Service with Minor Environmental Footprint [Civil engineering], Service with Minor Environmental Footprint [Contracting & building], Service with Minor Environmental Footprint [Real estate- fee/contract], Service with Minor Environmental Footprint [Design & building], Service with Minor Environmental Footprint [Other install & construction], Service with Minor Environmental Footprint [Real estate development], Service with Minor Environmental Footprint [Real estate - leased property], Service with Minor Environmental Footprint [Film, TV & music production], Service with Minor Environmental Footprint [Programming & broadcasting], Service with Minor Environmental Footprint [Engineering], Service with Minor Environmental Footprint [Environmental consulting] | X Large: Service with Minor Environmental Footprint [Security & investigation], Service with Minor Environmental Footprint [Advertising & market research], Service with Minor Environmental Footprint [Management consultant - for-profits], Service with Minor Environmental Footprint [Book publishing], Service with Minor Environmental Footprint [Publishing - newspapers & magazines], Service with Minor Environmental Footprint [Film, TV & music production], Service with Minor Environmental Footprint [Programming & broadcasting], Service with Minor Environmental Footprint [Engineering], Service with Minor Environmental Footprint [Environmental consulting], Service with Minor Environmental Footprint [Architecture design & planning], Service with Minor Environmental Footprint [Civil engineering], Service with Minor Environmental Footprint [Contracting & building], Service with Minor Environmental Footprint [Design & building], Service with Minor Environmental Footprint [Other install & construction], Service with Minor Environmental Footprint [Real estate development], Service with Minor Environmental Footprint [Real estate- fee/contract], Service with Minor Environmental Footprint [Real estate - leased property], Service with Minor Environmental Footprint [Computer programming services], Service with Minor Environmental Footprint [Data processing & hosting], Service with Minor Environmental Footprint [Mobile applications], Service with Minor Environmental Footprint [Other info service activities], Service with Minor Environmental Footprint [Social networks & info sharing], Service with Minor Environmental Footprint [Software publishing and SaaS plat- forms], Service with Minor Environmental Footprint [Telecommunications], Service with Minor Environmental Footprint [Web portals], Service with Minor Environmental Footprint [Legal activities] | Large: Service with Minor Environmental Footprint [Advertising & market research], Service with Minor Environmental Footprint [Book publishing], Service with Minor Environmental Footprint [Engineering], Service with Minor Environmental Footprint [Environmental consulting], Service with Minor Environmental Footprint [Film, TV & music production], Service with Minor Environmental Footprint [Legal activities], Service with Minor Environmental Footprint [Management consultant - for-profits], Service with Minor Environmental Footprint [Programming & broadcasting], Service with Minor Environmental Footprint [Publishing - newspapers & magazines], Service with Minor Environmental Footprint [Architecture design & planning], Service with Minor Environmental Footprint [Civil engineering], Service with Minor Environmental Footprint [Computer programming services], Service with Minor Environmental Footprint [Contracting & building], Service with Minor Environmental Footprint [Data processing & hosting], Service with Minor Environmental Footprint [Design & building], Service with Minor Environmental Footprint [Mobile applications], Service with Minor Environmental Footprint [Other info service activities], Service with Minor Environmental Footprint [Other install & construction], Service with Minor Environmental Footprint [Real estate development], Service with Minor Environmental Footprint [Real estate- fee/contract], Service with Minor Environmental Footprint [Real estate - leased property], Service with Minor Environmental Footprint [Security & investigation], Service with Minor Environmental Footprint [Social networks & info sharing], Service with Minor Environmental Footprint [Software publishing and SaaS plat- forms], Service with Minor Environmental Footprint [Telecommunications], Service with Minor Environmental Footprint [Web portals] | Medium: Service with Minor Environmental Footprint [Advertising & market research], Service with Minor Environmental Footprint [Architecture design & planning], Service with Minor Environmental Footprint [Book publishing], Service with Minor Environmental Footprint [Civil engineering], Service with Minor Environmental Footprint [Computer programming services], Service with Minor Environmental Footprint [Contracting & building], Service with Minor Environmental Footprint [Data processing & hosting], Service with Minor Environmental Footprint [Design & building], Service with Minor Environmental Footprint [Engineering], Service with Minor Environmental Footprint [Environmental consulting], Service with Minor Environmental Footprint [Film, TV & music production], Service with Minor Environmental Footprint [Legal activities], Service with Minor Environmental Footprint [Management consultant - for-profits], Service with Minor Environmental Footprint [Mobile applications], Service with Minor Environmental Footprint [Other info service activities], Service with Minor Environmental Footprint [Other install & construction], Service with Minor Environmental Footprint [Programming & broadcasting], Service with Minor Environmental Footprint [Publishing - newspapers & magazines], Service with Minor Environmental Footprint [Real estate - leased property], Service with Minor Environmental Footprint [Real estate development], Service with Minor Environmental Footprint [Real estate- fee/contract], Service with Minor Environmental Footprint [Security & investigation], Service with Minor Environmental Footprint [Social networks & info sharing], Service with Minor Environmental Footprint [Software publishing and SaaS plat- forms], Service with Minor Environmental Footprint [Telecommunications], Service with Minor Environmental Footprint [Web portals] | Small: Service with Minor Environmental Footprint [Advertising & market research], Service with Minor Environmental Footprint [Book publishing], Service with Minor Environmental Footprint [Civil engineering], Service with Minor Environmental Footprint [Computer programming services], Service with Minor Environmental Footprint [Contracting & building], Service with Minor Environmental Footprint [Data processing & hosting], Service with Minor Environmental Footprint [Design & building], Service with Minor Environmental Footprint [Engineering], Service with Minor Environmental Footprint [Environmental consulting], Service with Minor Environmental Footprint [Film, TV & music production], Service with Minor Environmental Footprint [Legal activities], Service with Minor Environmental Footprint [Management consultant - for-profits], Service with Minor Environmental Footprint [Mobile applications], Service with Minor Environmental Footprint [Other info service activities], Service with Minor Environmental Footprint [Other install & construction], Service with Minor Environmental Footprint [Programming & broadcasting], Service with Minor Environmental Footprint [Publishing - newspapers & magazines], Service with Minor Environmental Footprint [Real estate - leased property], Service with Minor Environmental Footprint [Real estate development], Service with Minor Environmental Footprint [Real estate- fee/contract], Service with Minor Environmental Footprint [Security & investigation], Service with Minor Environmental Footprint [Social networks & info sharing], Service with Minor Environmental Footprint [Software publishing and SaaS plat- forms], Service with Minor Environmental Footprint [Telecommunications], Service with Minor Environmental Footprint [Web portals], Service with Minor Environmental Footprint [Architecture design & planning] | Micro: Service with Minor Environmental Footprint [Advertising & market research], Service with Minor Environmental Footprint [Architecture design & planning], Service with Minor Environmental Footprint [Book publishing], Service with Minor Environmental Footprint [Civil engineering], Service with Minor Environmental Footprint [Computer programming services], Service with Minor Environmental Footprint [Contracting & building], Service with Minor Environmental Footprint [Data processing & hosting], Service with Minor Environmental Footprint [Design & building], Service with Minor Environmental Footprint [Engineering], Service with Minor Environmental Footprint [Environmental consulting], Service with Minor Environmental Footprint [Film, TV & music production], Service with Minor Environmental Footprint [Legal activities], Service with Minor Environmental Footprint [Management consultant - for-profits], Service with Minor Environmental Footprint [Mobile applications], Service with Minor Environmental Footprint [Other info service activities], Service with Minor Environmental Footprint [Other install & construction], Service with Minor Environmental Footprint [Programming & broadcasting], Service with Minor Environmental Footprint [Publishing - newspapers & magazines], Service with Minor Environmental Footprint [Real estate - leased property], Service with Minor Environmental Footprint [Real estate development], Service with Minor Environmental Footprint [Real estate- fee/contract], Service with Minor Environmental Footprint [Security & investigation], Service with Minor Environmental Footprint [Social networks & info sharing], Service with Minor Environmental Footprint [Software publishing and SaaS plat- forms], Service with Minor Environmental Footprint [Telecommunications], Service with Minor Environmental Footprint [Web portals] | Company without workers: Service with Minor Environmental Footprint [Advertising & market research], Service with Minor Environmental Footprint [Architecture design & planning], Service with Minor Environmental Footprint [Book publishing], Service with Minor Environmental Footprint [Civil engineering], Service with Minor Environmental Footprint [Computer programming services], Service with Minor Environmental Footprint [Contracting & building], Service with Minor Environmental Footprint [Data processing & hosting], Service with Minor Environmental Footprint [Design & building], Service with Minor Environmental Footprint [Engineering], Service with Minor Environmental Footprint [Environmental consulting], Service with Minor Environmental Footprint [Film, TV & music production], Service with Minor Environmental Footprint [Legal activities], Service with Minor Environmental Footprint [Management consultant - for-profits], Service with Minor Environmental Footprint [Mobile applications], Service with Minor Environmental Footprint [Other info service activities], Service with Minor Environmental Footprint [Other install & construction], Service with Minor Environmental Footprint [Programming & broadcasting], Service with Minor Environmental Footprint [Publishing - newspapers & magazines], Service with Minor Environmental Footprint [Real estate - leased property], Service with Minor Environmental Footprint [Real estate development], Service with Minor Environmental Footprint [Real estate- fee/contract], Service with Minor Environmental Footprint [Security & investigation], Service with Minor Environmental Footprint [Social networks & info sharing], Service with Minor Environmental Footprint [Software publishing and SaaS plat- forms], Service with Minor Environmental Footprint [Telecommunications], Service with Minor Environmental Footprint [Web portals]",Year0,Company without workers / Micro,4,"3.3.1, 3.3.2, 3.3.3, 3.3.4",politique/procédure documentée; registre / trace interne; évaluation / analyse,Processus d'évaluation ; politique de sélection clients ; trois clients/projets significatifs par an,DH3.3,DH3.3,oui,628,642,"XX Large | Service with Minor Environmental Footprint | Security & investigation || XX Large | Service with Minor Environmental Footprint | Data processing & hosting || XX Large | Service with Minor Environmental Footprint | Mobile applications || XX Large | Service with Minor Environmental Footprint | Other info service activities || XX Large | Service with Minor Environmental Footprint | Social networks & info sharing || XX Large | Service with Minor Environmental Footprint | Software publishing and SaaS plat- forms || XX Large | Service with Minor Environmental Footprint | Telecommunications || XX Large | Service with Minor Environmental Footprint | Web portals || XX Large | Service with Minor Environmental Footprint | Computer programming services || XX Large | Service with Minor Environmental Footprint | Advertising & market research || XX Large | Service with Minor Environmental Footprint | Legal activities || XX Large | Service with Minor Environmental Footprint | Management consultant - for-profits || XX Large | Service with Minor Environmental Footprint | Book publishing || XX Large | Service with Minor Environmental Footprint | Publishing - newspapers & magazines || XX Large | Service with Minor Environmental Footprint | Architecture design & planning || XX Large | Service with Minor Environmental Footprint | Civil engineering || XX Large | Service with Minor Environmental Footprint | Contracting & building || XX Large | Service with Minor Environmental Footprint | Real estate- fee/contract || XX Large | Service with Minor Environmental Footprint | Design & building || XX Large | Service with Minor Environmental Footprint | Other install & construction || XX Large | Service with Minor Environmental Footprint | Real estate development || XX Large | Service with Minor Environmental Footprint | Real estate - leased property || XX Large | Service with Minor Environmental Footprint | Film, TV & music production || XX Large | Service with Minor Environmental Footprint | Programming & broadcasting || XX Large | Service with Minor Environmental Footprint | Engineering || XX Large | Service with Minor Environmental Footprint | Environmental consulting || X Large | Service with Minor Environmental Footprint | Security & investigation || X Large | Service with Minor Environmental Footprint | Advertising & market research || X Large | Service with Minor Environmental Footprint | Management consultant - for-profits || X Large | Service with Minor Environmental Footprint | Book publishing || X Large | Service with Minor Environmental Footprint | Publishing - newspapers & magazines || X Large | Service with Minor Environmental Footprint | Film, TV & music production || X Large | Service with Minor Environmental Footprint | Programming & broadcasting || X Large | Service with Minor Environmental Footprint | Engineering || X Large | Service with Minor Environmental Footprint | Environmental consulting || X Large | Service with Minor Environmental Footprint | Architecture design & planning || X Large | Service with Minor Environmental Footprint | Civil engineering || X Large | Service with Minor Environmental Footprint | Contracting & building || X Large | Service with Minor Environmental Footprint | Design & building || X Large | Service with Minor Environmental Footprint | Other install & construction || X Large | Service with Minor Environmental Footprint | Real estate development || X Large | Service with Minor Environmental Footprint | Real estate- fee/contract || X Large | Service with Minor Environmental Footprint | Real estate - leased property || X Large | Service with Minor Environmental Footprint | Computer programming services || X Large | Service with Minor Environmental Footprint | Data processing & hosting || X Large | Service with Minor Environmental Footprint | Mobile applications || X Large | Service with Minor Environmental Footprint | Other info service activities || X Large | Service with Minor Environmental Footprint | Social networks & info sharing || X Large | Service with Minor Environmental Footprint | Software publishing and SaaS plat- forms || X Large | Service with Minor Environmental Footprint | Telecommunications || X Large | Service with Minor Environmental Footprint | Web portals || X Large | Service with Minor Environmental Footprint | Legal activities || Large | Service with Minor Environmental Footprint | Advertising & market research || Large | Service with Minor Environmental Footprint | Book publishing || Large | Service with Minor Environmental Footprint | Engineering || Large | Service with Minor Environmental Footprint | Environmental consulting || Large | Service with Minor Environmental Footprint | Film, TV & music production || Large | Service with Minor Environmental Footprint | Legal activities || Large | Service with Minor Environmental Footprint | Management consultant - for-profits || Large | Service with Minor Environmental Footprint | Programming & broadcasting || Large | Service with Minor Environmental Footprint | Publishing - newspapers & magazines || Large | Service with Minor Environmental Footprint | Architecture design & planning || Large | Service with Minor Environmental Footprint | Civil engineering || Large | Service with Minor Environmental Footprint | Computer programming services || Large | Service with Minor Environmental Footprint | Contracting & building || Large | Service with Minor Environmental Footprint | Data processing & hosting || Large | Service with Minor Environmental Footprint | Design & building || Large | Service with Minor Environmental Footprint | Mobile applications || Large | Service with Minor Environmental Footprint | Other info service activities || Large | Service with Minor Environmental Footprint | Other install & construction || Large | Service with Minor Environmental Footprint | Real estate development || Large | Service with Minor Environmental Footprint | Real estate- fee/contract || Large | Service with Minor Environmental Footprint | Real estate - leased property || Large | Service with Minor Environmental Footprint | Security & investigation || Large | Service with Minor Environmental Footprint | Social networks & info sharing || Large | Service with Minor Environmental Footprint | Software publishing and SaaS plat- forms || Large | Service with Minor Environmental Footprint | Telecommunications || Large | Service with Minor Environmental Footprint | Web portals || Medium | Service with Minor Environmental Footprint | Advertising & market research || Medium | Service with Minor Environmental Footprint | Architecture design & planning || Medium | Service with Minor Environmental Footprint | Book publishing || Medium | Service with Minor Environmental Footprint | Civil engineering || Medium | Service with Minor Environmental Footprint | Computer programming services || Medium | Service with Minor Environmental Footprint | Contracting & building || Medium | Service with Minor Environmental Footprint | Data processing & hosting || Medium | Service with Minor Environmental Footprint | Design & building || Medium | Service with Minor Environmental Footprint | Engineering || Medium | Service with Minor Environmental Footprint | Environmental consulting || Medium | Service with Minor Environmental Footprint | Film, TV & music production || Medium | Service with Minor Environmental Footprint | Legal activities || Medium | Service with Minor Environmental Footprint | Management consultant - for-profits || Medium | Service with Minor Environmental Footprint | Mobile applications || Medium | Service with Minor Environmental Footprint | Other info service activities || Medium | Service with Minor Environmental Footprint | Other install & construction || Medium | Service with Minor Environmental Footprint | Programming & broadcasting || Medium | Service with Minor Environmental Footprint | Publishing - newspapers & magazines || Medium | Service with Minor Environmental Footprint | Real estate - leased property || Medium | Service with Minor Environmental Footprint | Real estate development || Medium | Service with Minor Environmental Footprint | Real estate- fee/contract || Medium | Service with Minor Environmental Footprint | Security & investigation || Medium | Service with Minor Environmental Footprint | Social networks & info sharing || Medium | Service with Minor Environmental Footprint | Software publishing and SaaS plat- forms || Medium | Service with Minor Environmental Footprint | Telecommunications || Medium | Service with Minor Environmental Footprint | Web portals || Small | Service with Minor Environmental Footprint | Advertising & market research || Small | Service with Minor Environmental Footprint | Book publishing || Small | Service with Minor Environmental Footprint | Civil engineering || Small | Service with Minor Environmental Footprint | Computer programming services || Small | Service with Minor Environmental Footprint | Contracting & building || Small | Service with Minor Environmental Footprint | Data processing & hosting || Small | Service with Minor Environmental Footprint | Design & building || Small | Service with Minor Environmental Footprint | Engineering || Small | Service with Minor Environmental Footprint | Environmental consulting || Small | Service with Minor Environmental Footprint | Film, TV & music production || Small | Service with Minor Environmental Footprint | Legal activities || Small | Service with Minor Environmental Footprint | Management consultant - for-profits || Small | Service with Minor Environmental Footprint | Mobile applications || Small | Service with Minor Environmental Footprint | Other info service activities || Small | Service with Minor Environmental Footprint | Other install & construction || Small | Service with Minor Environmental Footprint | Programming & broadcasting || Small | Service with Minor Environmental Footprint | Publishing - newspapers & magazines || Small | Service with Minor Environmental Footprint | Real estate - leased property || Small | Service with Minor Environmental Footprint | Real estate development || Small | Service with Minor Environmental Footprint | Real estate- fee/contract || Small | Service with Minor Environmental Footprint | Security & investigation || Small | Service with Minor Environmental Footprint | Social networks & info sharing || Small | Service with Minor Environmental Footprint | Software publishing and SaaS plat- forms || Small | Service with Minor Environmental Footprint | Telecommunications || Small | Service with Minor Environmental Footprint | Web portals || Small | Service with Minor Environmental Footprint | Architecture design & planning || Micro | Service with Minor Environmental Footprint | Advertising & market research || Micro | Service with Minor Environmental Footprint | Architecture design & planning || Micro | Service with Minor Environmental Footprint | Book publishing || Micro | Service with Minor Environmental Footprint | Civil engineering || Micro | Service with Minor Environmental Footprint | Computer programming services || Micro | Service with Minor Environmental Footprint | Contracting & building || Micro | Service with Minor Environmental Footprint | Data processing & hosting || Micro | Service with Minor Environmental Footprint | Design & building || Micro | Service with Minor Environmental Footprint | Engineering || Micro | Service with Minor Environmental Footprint | Environmental consulting || Micro | Service with Minor Environmental Footprint | Film, TV & music production || Micro | Service with Minor Environmental Footprint | Legal activities || Micro | Service with Minor Environmental Footprint | Management consultant - for-profits || Micro | Service with Minor Environmental Footprint | Mobile applications || Micro | Service with Minor Environmental Footprint | Other info service activities || Micro | Service with Minor Environmental Footprint | Other install & construction || Micro | Service with Minor Environmental Footprint | Programming & broadcasting || Micro | Service with Minor Environmental Footprint | Publishing - newspapers & magazines || Micro | Service with Minor Environmental Footprint | Real estate - leased property || Micro | Service with Minor Environmental Footprint | Real estate development || Micro | Service with Minor Environmental Footprint | Real estate- fee/contract || Micro | Service with Minor Environmental Footprint | Security & investigation || Micro | Service with Minor Environmental Footprint | Social networks & info sharing || Micro | Service with Minor Environmental Footprint | Software publishing and SaaS plat- forms || Micro | Service with Minor Environmental Footprint | Telecommunications || Micro | Service with Minor Environmental Footprint | Web portals || Company without workers | Service with Minor Environmental Footprint | Advertising & market research || Company without workers | Service with Minor Environmental Footprint | Architecture design & planning || Company without workers | Service with Minor Environmental Footprint | Book publishing || Company without workers | Service with Minor Environmental Footprint | Civil engineering || Company without workers | Service with Minor Environmental Footprint | Computer programming services || Company without workers | Service with Minor Environmental Footprint | Contracting & building || Company without workers | Service with Minor Environmental Footprint | Data processing & hosting || Company without workers | Service with Minor Environmental Footprint | Design & building || Company without workers | Service with Minor Environmental Footprint | Engineering || Company without workers | Service with Minor Environmental Footprint | Environmental consulting || Company without workers | Service with Minor Environmental Footprint | Film, TV & music production || Company without workers | Service with Minor Environmental Footprint | Legal activities || Company without workers | Service with Minor Environmental Footprint | Management consultant - for-profits || Company without workers | Service with Minor Environmental Footprint | Mobile applications || Company without workers | Service with Minor Environmental Footprint | Other info service activities || Company without workers | Service with Minor Environmental Footprint | Other install & construction || Company without workers | Service with Minor Environmental Footprint | Programming & broadcasting || Company without workers | Service with Minor Environmental Footprint | Publishing - newspapers & magazines || Company without workers | Service with Minor Environmental Footprint | Real estate - leased property || Company without workers | Service with Minor Environmental Footprint | Real estate development || Company without workers | Service with Minor Environmental Footprint | Real estate- fee/contract || Company without workers | Service with Minor Environmental Footprint | Security & investigation || Company without workers | Service with Minor Environmental Footprint | Social networks & info sharing || Company without workers | Service with Minor Environmental Footprint | Software publishing and SaaS plat- forms || Company without workers | Service with Minor Environmental Footprint | Telecommunications || Company without workers | Service with Minor Environmental Footprint | Web portals"
HR,Human Rights,HR3,"The company prevents, mitigates, and remediates actual and potential negative human rights impacts.",HR3.4,sous_exigence,"The company assesses the potential negative human rights impacts of investments, and takes necessary mitigation actions.",L'entreprise évalue les impacts négatifs potentiels liés aux investissements,XX Large / X Large / Large / Medium / Small / Micro / Company without workers,"XX Large: Service with Minor Environmental Footprint [Equity investing - Emerging Markets], Service with Minor Environmental Footprint [Equity investing - Developed Markets], Service with Minor Environmental Footprint [Investment advising] | X Large: Service with Minor Environmental Footprint [Equity investing - Emerging Markets], Service with Minor Environmental Footprint [Equity investing - Developed Markets], Service with Minor Environmental Footprint [Investment advising] | Large: Service with Minor Environmental Footprint [Equity investing - Emerging Markets], Service with Minor Environmental Footprint [Equity investing - Developed Markets], Service with Minor Environmental Footprint [Investment advising] | Medium: Service with Minor Environmental Footprint [Equity investing - Emerging Markets], Service with Minor Environmental Footprint [Equity investing - Developed Markets], Service with Minor Environmental Footprint [Investment advising] | Small: Service with Minor Environmental Footprint [Equity investing - Emerging Markets], Service with Minor Environmental Footprint [Equity investing - Developed Markets], Service with Minor Environmental Footprint [Investment advising] | Micro: Service with Minor Environmental Footprint [Equity investing - Emerging Markets], Service with Minor Environmental Footprint [Equity investing - Developed Markets], Service with Minor Environmental Footprint [Investment advising] | Company without workers: Service with Minor Environmental Footprint [Equity investing - Emerging Markets], Service with Minor Environmental Footprint [Equity investing - Developed Markets], Service with Minor Environmental Footprint [Investment advising]",Year0,Company without workers / Micro,4,"3.4.1, 3.4.2, 3.4.3, 3.4.4",politique/procédure documentée; registre / trace interne; évaluation / analyse,Processus d'évaluation ; politique d'investissement ; trois investissements significatifs par an,DH3.4,DH3.4,oui,643,650,XX Large | Service with Minor Environmental Footprint | Equity investing - Emerging Markets || XX Large | Service with Minor Environmental Footprint | Equity investing - Developed Markets || XX Large | Service with Minor Environmental Footprint | Investment advising || X Large | Service with Minor Environmental Footprint | Equity investing - Emerging Markets || X Large | Service with Minor Environmental Footprint | Equity investing - Developed Markets || X Large | Service with Minor Environmental Footprint | Investment advising || Large | Service with Minor Environmental Footprint | Equity investing - Emerging Markets || Large | Service with Minor Environmental Footprint | Equity investing - Developed Markets || Large | Service with Minor Environmental Footprint | Investment advising || Medium | Service with Minor Environmental Footprint | Equity investing - Emerging Markets || Medium | Service with Minor Environmental Footprint | Equity investing - Developed Markets || Medium | Service with Minor Environmental Footprint | Investment advising || Small | Service with Minor Environmental Footprint | Equity investing - Emerging Markets || Small | Service with Minor Environmental Footprint | Equity investing - Developed Markets || Small | Service with Minor Environmental Footprint | Investment advising || Micro | Service with Minor Environmental Footprint | Equity investing - Emerging Markets || Micro | Service with Minor Environmental Footprint | Equity investing - Developed Markets || Micro | Service with Minor Environmental Footprint | Investment advising || Company without workers | Service with Minor Environmental Footprint | Equity investing - Emerging Markets || Company without workers | Service with Minor Environmental Footprint | Equity investing - Developed Markets || Company without workers | Service with Minor Environmental Footprint | Investment advising
HR,Human Rights,HR3,"The company prevents, mitigates, and remediates actual and potential negative human rights impacts.",HR3.5,sous_exigence,The company carries out a Human Rights Impact Assessment.,L'entreprise réalise une évaluation d'impact sur les droits humains,XX Large / X Large,Tous secteurs / toutes industries,Year5,X Large / XX Large,3,"3.5.1, 3.5.2, 3.5.3",publication / accès public; évaluation / analyse; consultation parties prenantes / salariés,Rapport d'EIDH ; résumé public en ligne,DH3.5,DH3.5,,651,655,XX Large | All | All || X Large | All | All || Large | None | None || Medium | None | None || Small | None | None || Micro | None | None || Company without workers | None | None
HR,Human Rights,HR3,"The company prevents, mitigates, and remediates actual and potential negative human rights impacts.",HR3.6,sous_exigence,The company implements additional due diligence for any operations in conflict-affected situations.,L'entreprise met en œuvre une diligence raisonnable renforcée pour activités en zones de conflit,XX Large / X Large / Large / Medium / Small,Tous secteurs / toutes industries,Year3,None,3,"3.6.1, 3.6.2, 3.6.3",publication / accès public; évaluation / analyse; consultation parties prenantes / salariés; contrat / engagement signé,Rapport sur activités en zones de conflit ; engagement des parties prenantes ; déclencheurs d'action,DH3.6,DH3.6,,656,662,XX Large | All | All || X Large | All | All || Large | All | All || Medium | All | All || Small | All | All || Micro | None | None || Company without workers | None | None
HR,Human Rights,HR4,The company works with suppliers to achieve its human rights objectives.,HR4.1,sous_exigence,The company addresses limits on its ability to engage and monitor suppliers.,L'entreprise identifie les limites de sa capacité à engager et suivre ses fournisseurs,XX Large / X Large / Large / Medium,"XX Large: Wholesale/Retail, Manufacturing | X Large: Wholesale/Retail, Manufacturing | Large: Wholesale/Retail, Manufacturing | Medium: Wholesale/Retail, Manufacturing",Year3,Medium / Large / X Large / XX Large,4,"4.1.1, 4.1.2, 4.1.3, 4.1.4",registre / trace interne; évaluation / analyse; vérification tierce,Analyses par pays / matières premières ; évaluations de risque ; liste des limites et mesures,DH4.1,DH4.1,,663,668,XX Large | Wholesale/Retail | All || XX Large | Manufacturing | All || X Large | Wholesale/Retail | All || X Large | Manufacturing | All || Large | Wholesale/Retail | All || Large | Manufacturing | All || Medium | Wholesale/Retail | All || Medium | Manufacturing | All || Small | None | None || Micro | None | None || Company without workers | None | None
HR,Human Rights,HR4,The company works with suppliers to achieve its human rights objectives.,HR4.2,sous_exigence,The company considers actual and potential human rights impacts in its procurement decisions.,L'entreprise prend en compte les impacts réels et potentiels sur les droits humains dans ses décisions d'achat,Medium / Small / Micro / Company without workers,"Medium: Service with Significant Environmental Footprint, Service with Minor Environmental Footprint | Small: All | Micro: All | Company without workers: All",Year0,None,1,4.2.1,,Identification annuelle de trois décisions d'achat significatives ; impacts considérés,DH4.2,DH4.2,,669,675,XX Large | None | None || X Large | None | None || Large | None | None || Medium | Service with Significant Environmental Footprint | All || Medium | Service with Minor Environmental Footprint | All || Small | All | All || Micro | All | All || Company without workers | All | All
HR,Human Rights,HR4,The company works with suppliers to achieve its human rights objectives.,HR4.3,sous_exigence,The company considers actual and potential human rights impacts in its procurement decisions.,L'entreprise prend en compte les impacts réels et potentiels sur les droits humains dans ses décisions d'achat,XX Large / X Large / Large / Medium,"XX Large: Service with Minor Environmental Footprint | X Large: Service with Minor Environmental Footprint | Large: Service with Minor Environmental Footprint | Medium: Wholesale/Retail, Manufacturing, Agriculture/Growers",Year0,Medium / Large / X Large / XX Large,1,4.3.1,,Identification annuelle de cinq décisions d'achat significatives ; impacts considérés,DH4.3,DH4.3,,676,683,XX Large | Service with Minor Environmental Footprint | All || X Large | Service with Minor Environmental Footprint | All || Large | Service with Minor Environmental Footprint | All || Medium | Wholesale/Retail | All || Medium | Manufacturing | All || Medium | Agriculture/Growers | All || Small | None | None || Micro | None | None || Company without workers | None | None
HR,Human Rights,HR4,The company works with suppliers to achieve its human rights objectives.,HR4.4,sous_exigence,The company works with suppliers to prevent or mitigate the most salient human rights issues.,L'entreprise collabore avec ses fournisseurs pour prévenir ou atténuer les enjeux majeurs,XX Large / X Large / Large,"XX Large: Wholesale/Retail, Service with Significant Environmental Footprint, Manufacturing, Agriculture/Growers | X Large: Wholesale/Retail, Service with Significant Environmental Footprint, Manufacturing, Agriculture/Growers | Large: Wholesale/Retail, Service with Significant Environmental Footprint, Manufacturing, Agriculture/Growers",Year0,Large / X Large / XX Large,3,"4.4.1, 4.4.2, 4.4.3",registre / trace interne; plan / stratégie / objectifs,Fournisseurs prioritaires ; objectifs convenus ; suivi annuel,DH4.4,DH4.4,oui,684,690,XX Large | Wholesale/Retail | All || XX Large | Service with Significant Environmental Footprint | All || XX Large | Manufacturing | All || XX Large | Agriculture/Growers | All || X Large | Wholesale/Retail | All || X Large | Service with Significant Environmental Footprint | All || X Large | Manufacturing | All || X Large | Agriculture/Growers | All || Large | Wholesale/Retail | All || Large | Service with Significant Environmental Footprint | All || Large | Manufacturing | All || Large | Agriculture/Growers | All || Medium | None | None || Small | None | None || Micro | None | None || Company without workers | None | None
HR,Human Rights,HR4,The company works with suppliers to achieve its human rights objectives.,HR4.5,sous_exigence,The company increases its commitments across its sourcing documents.,L'entreprise renforce ses engagements au sein de ses documents d'approvisionnement,XX Large / X Large / Large,"XX Large: Wholesale/Retail, Manufacturing, Agriculture/Growers | X Large: Wholesale/Retail, Manufacturing, Agriculture/Growers | Large: Wholesale/Retail, Manufacturing, Agriculture/Growers",Year5,Large / X Large / XX Large,5,"4.5.1, 4.5.2, 4.5.3, 4.5.4, 4.5.5",registre / trace interne; consultation parties prenantes / salariés,Retours fournisseurs ; documents d'achat modifiés,DH4.5,DH4.5,,691,695,XX Large | Wholesale/Retail | All || XX Large | Manufacturing | All || XX Large | Agriculture/Growers | All || X Large | Wholesale/Retail | All || X Large | Manufacturing | All || X Large | Agriculture/Growers | All || Large | Wholesale/Retail | All || Large | Manufacturing | All || Large | Agriculture/Growers | All || Medium | None | None || Small | None | None || Micro | None | None || Company without workers | None | None
HR,Human Rights,HR4,The company works with suppliers to achieve its human rights objectives.,HR4.6,sous_exigence,The company has a time-bound plan to trace the origin and potential human rights impacts of its high-risk raw materials.,L'entreprise dispose d'un plan assorti d'un calendrier pour retracer origine et impacts de matières premières à haut risque,XX Large / X Large,"XX Large: Wholesale/Retail, Manufacturing, Agriculture/Growers | X Large: Wholesale/Retail, Manufacturing, Agriculture/Growers",Year3,X Large / XX Large,3,"4.6.1, 4.6.2, 4.6.3",plan / stratégie / objectifs,Liste des matières à haut risque ; plan de traçabilité ; % traçable,DH4.6,DH4.6,,696,700,XX Large | Wholesale/Retail | All || XX Large | Manufacturing | All || XX Large | Agriculture/Growers | All || X Large | Wholesale/Retail | All || X Large | Manufacturing | All || X Large | Agriculture/Growers | All || Large | None | None || Medium | None | None || Small | None | None || Micro | None | None || Company without workers | None | None
HR,Human Rights,HR4,The company works with suppliers to achieve its human rights objectives.,HR4.7,sous_exigence,The company traces more high-risk raw materials to their origin.,L'entreprise trace un nombre croissant de matières premières à haut risque jusqu'à leur origine,XX Large / X Large,"XX Large: Wholesale/Retail, Manufacturing, Agriculture/Growers | X Large: Wholesale/Retail, Manufacturing, Agriculture/Growers",Year5,X Large / XX Large,1,4.7.1,plan / stratégie / objectifs,Calcul du % de matières à haut risque traçables,DH4.7,DH4.7,,701,705,XX Large | Wholesale/Retail | All || XX Large | Manufacturing | All || XX Large | Agriculture/Growers | All || X Large | Wholesale/Retail | All || X Large | Manufacturing | All || X Large | Agriculture/Growers | All || Large | None | None || Medium | None | None || Small | None | None || Micro | None | None || Company without workers | None | None
HR,Human Rights,HR4,The company works with suppliers to achieve its human rights objectives.,HR4.8,sous_exigence,The company works with suppliers to address human rights impacts related to high-risk raw materials.,L'entreprise collabore avec ses fournisseurs pour traiter les impacts liés aux matières premières à haut risque,XX Large / X Large,"XX Large: Wholesale/Retail, Manufacturing, Agriculture/Growers | X Large: Wholesale/Retail, Manufacturing, Agriculture/Growers",Year5,X Large / XX Large,3,"4.8.1, 4.8.2, 4.8.3",politique/procédure documentée; plan / stratégie / objectifs; consultation parties prenantes / salariés,Collaboration fournisseurs ; suivi annuel,DH4.8,DH4.8,,706,711,XX Large | Wholesale/Retail | All || XX Large | Manufacturing | All || XX Large | Agriculture/Growers | All || X Large | Wholesale/Retail | All || X Large | Manufacturing | All || X Large | Agriculture/Growers | All || Large | None | None || Medium | None | None || Small | None | None || Micro | None | None || Company without workers | None | None
HR,Human Rights,HR4,The company works with suppliers to achieve its human rights objectives.,HR4.9,sous_exigence,The company looks for living wage gaps in its service contracts.,L'entreprise identifie les écarts par rapport au salaire de subsistance dans ses contrats de services,XX Large / X Large / Large / Medium,XX Large: Service with Minor Environmental Footprint | X Large: Service with Minor Environmental Footprint | Large: Service with Minor Environmental Footprint | Medium: Service with Minor Environmental Footprint,Year0,Medium / Large / X Large / XX Large,3,"4.9.1, 4.9.2, 4.9.3",registre / trace interne; évaluation / analyse; contrat / engagement signé,Évaluation des contrats de services ; calcul des écarts au salaire de subsistance,DH4.9,DH4.9,,712,723,XX Large | Service with Minor Environmental Footprint | All || X Large | Service with Minor Environmental Footprint | All || Large | Service with Minor Environmental Footprint | All || Medium | Service with Minor Environmental Footprint | All || Small | None | None || Micro | None | None || Company without workers | None | None
HR,Human Rights,HR4,The company works with suppliers to achieve its human rights objectives.,HR4.10,sous_exigence,The company refers to living wage in its service procurement processes.,L'entreprise fait référence au salaire de subsistance dans ses processus d'achat de services,XX Large / X Large / Large / Medium,XX Large: Service with Minor Environmental Footprint | X Large: Service with Minor Environmental Footprint | Large: Service with Minor Environmental Footprint | Medium: Service with Minor Environmental Footprint,Year3,Medium / Large / X Large / XX Large,1,4.10.1,politique/procédure documentée,Mention du salaire de subsistance dans appels d'offres / contrats,DH4.10,DH4.10,,724,734,XX Large | Service with Minor Environmental Footprint | All || X Large | Service with Minor Environmental Footprint | All || Large | Service with Minor Environmental Footprint | All || Medium | Service with Minor Environmental Footprint | All || Small | None | None || Micro | None | None || Company without workers | None | None
HR,Human Rights,HR4,The company works with suppliers to achieve its human rights objectives.,HR4.11,sous_exigence,"The company has a plan to address living wage, living income or collective bargaining in its supply chain.","L'entreprise dispose d'un plan pour aborder le salaire de subsistance, revenu de subsistance ou négociation collective",XX Large / X Large / Large / Medium,"XX Large: Wholesale/Retail, Service with Significant Environmental Footprint, Agriculture/Growers, Manufacturing | X Large: Wholesale/Retail, Service with Significant Environmental Footprint, Manufacturing, Agriculture/Growers | Large: Wholesale/Retail, Service with Significant Environmental Footprint, Manufacturing, Agriculture/Growers | Medium: Wholesale/Retail, Service with Significant Environmental Footprint, Manufacturing, Agriculture/Growers",Year3,Medium / Large / X Large / XX Large,6,"4.11.1, 4.11.2, 4.11.3, 4.11.4, 4.11.5, 4.11.6",publication / accès public; approbation instance dirigeante; plan / stratégie / objectifs; consultation parties prenantes / salariés,Plan interne (< 12 mois) ; approbation ; mise à jour publique,DH4.11,DH4.11,,735,747,XX Large | Wholesale/Retail | All || XX Large | Service with Significant Environmental Footprint | All || XX Large | Agriculture/Growers | All || XX Large | Manufacturing | All || X Large | Wholesale/Retail | All || X Large | Service with Significant Environmental Footprint | All || X Large | Manufacturing | All || X Large | Agriculture/Growers | All || Large | Wholesale/Retail | All || Large | Service with Significant Environmental Footprint | All || Large | Manufacturing | All || Large | Agriculture/Growers | All || Medium | Wholesale/Retail | All || Medium | Service with Significant Environmental Footprint | All || Medium | Manufacturing | All || Medium | Agriculture/Growers | All || Small | None | None || Micro | None | None || Company without workers | None | None
CA,Climate Action,CA1,The company has a process to measure its greenhouse gas emissions annually.,CA1.1,sous_exigence,"The company has a documented process to measure its scope 1, 2 and 3 greenhouse gas emissions annually and discloses the results publicly.","L'entreprise dispose d'un processus documenté pour mesurer chaque année ses émissions de GES sur les scope 1, 2 et 3",XX Large / X Large / Large,Tous secteurs / toutes industries,Year0,None,4,"1.1.1, 1.1.2, 1.1.3, 1.1.4",politique/procédure documentée; publication / accès public; registre / trace interne; données chiffrées / calcul,Lien vers l'inventaire GES annuel public ; inventaire avec sections méthodologiques,AC1.1,AC1.1,,769,778,XX Large | All | All || X Large | All | All || Large | All | All || Medium | None | None || Small | None | None || Micro | None | None || Company without workers | None | None
CA,Climate Action,CA1,The company has a process to measure its greenhouse gas emissions annually.,CA1.2,sous_exigence,The company gets an independent third party to verify its annual greenhouse gas emissions inventory.,L'entreprise fait appel à un organisme tiers indépendant pour vérifier l'inventaire annuel de ses émissions de GES,XX Large / X Large / Large,"XX Large: Wholesale/Retail, Service with Significant Environmental Footprint, Manufacturing, Agriculture/Growers, Service with Minor Environmental Footprint | X Large: Wholesale/Retail, Service with Significant Environmental Footprint, Manufacturing, Agriculture/Growers, Service with Minor Environmental Footprint | Large: Wholesale/Retail, Service with Significant Environmental Footprint, Manufacturing, Agriculture/Growers, Service with Minor Environmental Footprint",Year0,None,2,"1.2.1, 1.2.2",données chiffrées / calcul; vérification tierce,Attestation de vérification par un organisme tiers accrédité ; certificat d'accréditation,AC1.2,AC1.2,,779,783,XX Large | Wholesale/Retail | All || XX Large | Service with Significant Environmental Footprint | All || XX Large | Manufacturing | All || XX Large | Agriculture/Growers | All || XX Large | Service with Minor Environmental Footprint | All || X Large | Wholesale/Retail | All || X Large | Service with Significant Environmental Footprint | All || X Large | Manufacturing | All || X Large | Agriculture/Growers | All || X Large | Service with Minor Environmental Footprint | All || Large | Wholesale/Retail | All || Large | Service with Significant Environmental Footprint | All || Large | Manufacturing | All || Large | Agriculture/Growers | All || Large | Service with Minor Environmental Footprint | All || Medium | None | None || Small | None | None || Micro | None | None || Company without workers | None | None
CA,Climate Action,CA2,The company is committed to contribute to help keep global warming below 1.5 °C.,CA2.1,sous_exigence,The company has a publicly available climate action plan.,L'entreprise dispose d'un plan d'action climatique accessible publiquement,Medium / Small / Micro / Company without workers,Tous secteurs / toutes industries,Year0,None,3,"2.1.1, 2.1.2, 2.1.3",publication / accès public; approbation instance dirigeante; plan / stratégie / objectifs; consultation parties prenantes / salariés,Lien vers le plan public ; ressources allouées ; approbation ; mise à jour < 36 mois,AC2.1,AC2.1,,784,793,XX Large | None | None || X Large | None | None || Large | None | None || Medium | All | All || Small | All | All || Micro | All | All || Company without workers | All | All
CA,Climate Action,CA2,The company is committed to contribute to help keep global warming below 1.5 °C.,CA2.2,sous_exigence,"The company has science-based targets, validated by the Science Based Targets initiative or verified by an independent third party, to make a just contribution to the global goal of net zero greenhouse gas emissions by 2050.","L'entreprise a des objectifs alignés sur les connaissances scientifiques, validés par la SBTi ou vérifiés par un organisme tiers indépendant",XX Large / X Large / Large,Tous secteurs / toutes industries,Year3,None,3,"2.2.1, 2.2.2, 2.2.3",registre / trace interne; plan / stratégie / objectifs; vérification tierce; contrat / engagement signé,Lettre de validation SBTi ou vérification tierce,AC2.2,AC2.2,,794,800,XX Large | All | All || X Large | All | All || Large | All | All || Medium | None | None || Small | None | None || Micro | None | None || Company without workers | None | None
CA,Climate Action,CA2,The company is committed to contribute to help keep global warming below 1.5 °C.,CA2.3,sous_exigence,The company has a climate transition plan to make a just contribution to the global goal of net zero emissions by 2050.,L'entreprise a un plan de transition climatique pour contribuer à la neutralité carbone 2050,XX Large / X Large / Large,Tous secteurs / toutes industries,Year3,None,2,"2.3.1, 2.3.2",approbation instance dirigeante; registre / trace interne; données chiffrées / calcul; plan / stratégie / objectifs; consultation parties prenantes / salariés,Plan de transition ; ressources ; approbation ; rapport de séquestration vérifié le cas échéant,AC2.3,AC2.3,,801,809,XX Large | All | All || X Large | All | All || Large | All | All || Medium | None | None || Small | None | None || Micro | None | None || Company without workers | None | None
CA,Climate Action,CA2,The company is committed to contribute to help keep global warming below 1.5 °C.,CA2.4,sous_exigence,The company consults workers and stakeholders to ensure a just transition in its climate transition plan.,L'entreprise consulte collaborateurs et parties prenantes pour garantir transition juste,XX Large / X Large / Large,"XX Large: Wholesale/Retail, Service with Significant Environmental Footprint, Manufacturing, Agriculture/Growers | X Large: Wholesale/Retail, Service with Significant Environmental Footprint, Manufacturing, Agriculture/Growers | Large: Wholesale/Retail, Service with Significant Environmental Footprint, Manufacturing, Agriculture/Growers",Year3,None,6,"2.4.1, 2.4.2, 2.4.3, 2.4.4, 2.4.5, 2.4.6",plan / stratégie / objectifs; consultation parties prenantes / salariés,"Traces de consultation (réunions, enquêtes, focus groups) ; parties prenantes vulnérables identifiées ; intégration au plan",AC2.4,AC2.4,,810,816,XX Large | Wholesale/Retail | All || XX Large | Service with Significant Environmental Footprint | All || XX Large | Manufacturing | All || XX Large | Agriculture/Growers | All || X Large | Wholesale/Retail | All || X Large | Service with Significant Environmental Footprint | All || X Large | Manufacturing | All || X Large | Agriculture/Growers | All || Large | Wholesale/Retail | All || Large | Service with Significant Environmental Footprint | All || Large | Manufacturing | All || Large | Agriculture/Growers | All || Medium | None | None || Small | None | None || Micro | None | None || Company without workers | None | None
CA,Climate Action,CA3,The company implements and makes progress on its climate action plan.,CA3.1,sous_exigence,"If the company has an existing incentive remuneration scheme for the executive team, it integrates climate targets.","Si l'entreprise dispose d'un système de rémunération incitative pour l'équipe de direction, celui-ci intègre des objectifs climatiques",XX Large / X Large / Large,"XX Large: Wholesale/Retail, Service with Significant Environmental Footprint, Manufacturing, Agriculture/Growers | X Large: Wholesale/Retail, Service with Significant Environmental Footprint, Manufacturing, Agriculture/Growers | Large: Wholesale/Retail, Service with Significant Environmental Footprint, Manufacturing, Agriculture/Growers",Year3,Large / X Large / XX Large,2,"3.1.1, 3.1.2",approbation instance dirigeante; registre / trace interne; données chiffrées / calcul; évaluation / analyse; plan / stratégie / objectifs,Politique de rémunération ; évaluations ; données sur la part variable climat,AC3.1,AC3.1,,817,821,XX Large | Wholesale/Retail | All || XX Large | Service with Significant Environmental Footprint | All || XX Large | Manufacturing | All || XX Large | Agriculture/Growers | All || X Large | Wholesale/Retail | All || X Large | Service with Significant Environmental Footprint | All || X Large | Manufacturing | All || X Large | Agriculture/Growers | All || Large | Wholesale/Retail | All || Large | Service with Significant Environmental Footprint | All || Large | Manufacturing | All || Large | Agriculture/Growers | All || Medium | None | None || Small | None | None || Micro | None | None || Company without workers | None | None
CA,Climate Action,CA3,The company implements and makes progress on its climate action plan.,CA3.2,sous_exigence,The company uses advocacy to support the global goal of net zero emissions by 2050.,L'entreprise utilise le plaidoyer pour soutenir l'objectif mondial de zéro émission nette 2050,XX Large,Tous secteurs / toutes industries,Year3,None,5,"3.2.1, 3.2.2, 3.2.3, 3.2.4, 3.2.5",politique/procédure documentée; consultation parties prenantes / salariés,Travaux avec associations professionnelles ; engagements de politique publique ; ressources allouées,AC3.2,AC3.2,oui,822,826,XX Large | All | All || X Large | None | None || Large | None | None || Medium | None | None || Small | None | None || Micro | None | None || Company without workers | None | None
CA,Climate Action,CA3,The company implements and makes progress on its climate action plan.,CA3.3,sous_exigence,The company makes progress on its climate action plan and evaluates its effectiveness.,L'entreprise fait progresser son plan d'action climatique et évalue son efficacité,Medium / Small / Micro / Company without workers,Tous secteurs / toutes industries,Year3,Micro / Company without workers / Small / Medium,3,"3.3.1, 3.3.2, 3.3.3",registre / trace interne; évaluation / analyse; plan / stratégie / objectifs,Compte rendu d'avancement ; actions réalisées ; révision des objectifs ; évaluation d'efficacité,AC3.3,AC3.3,,827,831,XX Large | None | None || X Large | None | None || Large | None | None || Medium | All | All || Small | All | All || Micro | All | All || Company without workers | All | All
CA,Climate Action,CA3,The company implements and makes progress on its climate action plan.,CA3.4,sous_exigence,The company makes progress on its climate transition plan and evaluates its effectiveness.,L'entreprise réalise des progrès sur son plan de transition climatique et évalue son efficacité,XX Large / X Large / Large,Tous secteurs / toutes industries,Year5,None,4,"3.4.1, 3.4.2, 3.4.3, 3.4.4",registre / trace interne; données chiffrées / calcul; évaluation / analyse; plan / stratégie / objectifs,Progrès vers objectifs court terme (tCO2e) ; actions ; nouveaux objectifs ; évaluation d'efficacité,AC3.4,AC3.4,,832,838,XX Large | All | All || X Large | All | All || Large | All | All || Medium | None | None || Small | None | None || Micro | None | None || Company without workers | None | None
CA,Climate Action,CA3,The company implements and makes progress on its climate action plan.,CA3.5,sous_exigence,The company takes action for a just transition.,L'entreprise met en place des actions pour une transition juste,XX Large / X Large / Large,"XX Large: Wholesale/Retail, Service with Significant Environmental Footprint, Manufacturing, Agriculture/Growers | X Large: Wholesale/Retail, Service with Significant Environmental Footprint, Manufacturing, Agriculture/Growers | Large: Wholesale/Retail, Service with Significant Environmental Footprint, Manufacturing, Agriculture/Growers",Year5,None,1,3.5.1,registre / trace interne; plan / stratégie / objectifs; consultation parties prenantes / salariés,Consultations ; actions consécutives documentées,AC3.5,AC3.5,,839,843,XX Large | Wholesale/Retail | All || XX Large | Service with Significant Environmental Footprint | All || XX Large | Manufacturing | All || XX Large | Agriculture/Growers | All || X Large | Wholesale/Retail | All || X Large | Service with Significant Environmental Footprint | All || X Large | Manufacturing | All || X Large | Agriculture/Growers | All || Large | Wholesale/Retail | All || Large | Service with Significant Environmental Footprint | All || Large | Manufacturing | All || Large | Agriculture/Growers | All || Medium | None | None || Small | None | None || Micro | None | None || Company without workers | None | None
CA,Climate Action,CA3,The company implements and makes progress on its climate action plan.,CA3.6,sous_exigence,The company publicly discloses its progress on its climate action plan.,L'entreprise rend publics les progrès réalisés dans le cadre de son plan d'action climatique,Medium / Small / Micro / Company without workers,"Medium: Wholesale/Retail, Service with Significant Environmental Footprint, Manufacturing, Agriculture/Growers, Service with Minor Environmental Footprint | Small: Wholesale/Retail, Service with Significant Environmental Footprint, Manufacturing, Agriculture/Growers, Service with Minor Environmental Footprint | Micro: Wholesale/Retail, Service with Significant Environmental Footprint, Manufacturing, Agriculture/Growers, Service with Minor Environmental Footprint | Company without workers: Wholesale/Retail, Service with Significant Environmental Footprint, Manufacturing, Agriculture/Growers, Service with Minor Environmental Footprint",Year3,None,2,"3.6.1, 3.6.2",publication / accès public; plan / stratégie / objectifs,Lien vers page web / rapport public,AC3.6,AC3.6,,844,848,XX Large | None | None || X Large | None | None || Large | None | None || Medium | Wholesale/Retail | All || Medium | Service with Significant Environmental Footprint | All || Medium | Manufacturing | All || Medium | Agriculture/Growers | All || Medium | Service with Minor Environmental Footprint | All || Small | Wholesale/Retail | All || Small | Service with Significant Environmental Footprint | All || Small | Manufacturing | All || Small | Agriculture/Growers | All || Small | Service with Minor Environmental Footprint | All || Micro | Wholesale/Retail | All || Micro | Service with Significant Environmental Footprint | All || Micro | Manufacturing | All || Micro | Agriculture/Growers | All || Micro | Service with Minor Environmental Footprint | All || Company without workers | Wholesale/Retail | All || Company without workers | Service with Significant Environmental Footprint | All || Company without workers | Manufacturing | All || Company without workers | Agriculture/Growers | All || Company without workers | Service with Minor Environmental Footprint | All
CA,Climate Action,CA3,The company implements and makes progress on its climate action plan.,CA3.7,sous_exigence,The company publicly discloses its progress on its climate transition plan annually.,L'entreprise publie chaque année l'état d'avancement de son plan de transition climatique,XX Large / X Large / Large,"XX Large: Wholesale/Retail, Service with Significant Environmental Footprint, Manufacturing, Agriculture/Growers, Service with Minor Environmental Footprint | X Large: Wholesale/Retail, Service with Significant Environmental Footprint, Manufacturing, Agriculture/Growers, Service with Minor Environmental Footprint | Large: Wholesale/Retail, Service with Significant Environmental Footprint, Manufacturing, Agriculture/Growers, Service with Minor Environmental Footprint",Year5,None,1,3.7.1,publication / accès public; données chiffrées / calcul; plan / stratégie / objectifs,"Lien vers page web / rapport public (progrès, actions, ressources, nouveaux objectifs)",AC3.7,AC3.7,,849,853,XX Large | Wholesale/Retail | All || XX Large | Service with Significant Environmental Footprint | All || XX Large | Manufacturing | All || XX Large | Agriculture/Growers | All || XX Large | Service with Minor Environmental Footprint | All || X Large | Wholesale/Retail | All || X Large | Service with Significant Environmental Footprint | All || X Large | Manufacturing | All || X Large | Agriculture/Growers | All || X Large | Service with Minor Environmental Footprint | All || Large | Wholesale/Retail | All || Large | Service with Significant Environmental Footprint | All || Large | Manufacturing | All || Large | Agriculture/Growers | All || Large | Service with Minor Environmental Footprint | All || Medium | None | None || Small | None | None || Micro | None | None || Company without workers | None | None
ESC,Environmental Stewardship & Circularity,ESC1,The company knows its actual and potential impacts on the environment.,ESC1.1,sous_exigence,The company monitors waste production from its operations and where it ends up.,L'entreprise surveille la production de déchets issus de ses activités et leur destination finale,XX Large / X Large / Large / Medium / Small / Micro,"XX Large: Wholesale/Retail, Service with Significant Environmental Footprint, Manufacturing, Agriculture/Growers | X Large: Wholesale/Retail, Service with Significant Environmental Footprint, Manufacturing, Agriculture/Growers | Large: Wholesale/Retail, Service with Significant Environmental Footprint, Manufacturing, Agriculture/Growers | Medium: Wholesale/Retail, Service with Significant Environmental Footprint, Manufacturing, Agriculture/Growers | Small: Wholesale/Retail, Service with Significant Environmental Footprint, Manufacturing, Agriculture/Growers | Micro: Wholesale/Retail, Service with Significant Environmental Footprint, Manufacturing, Agriculture/Growers",Year0,Micro / Small,7,"1.1.1, 1.1.2, 1.1.3, 1.1.4, 1.1.5, 1.1.6, 1.1.7",registre / trace interne; données chiffrées / calcul; plan / stratégie / objectifs,Politique/processus déchets ; rapports internes par filière ; bordereaux de suivi des déchets dangereux ; certificats d'élimination/recyclage,GEC1.1,GEC1.1,oui,896,903,XX Large | Wholesale/Retail | All || XX Large | Service with Significant Environmental Footprint | All || XX Large | Manufacturing | All || XX Large | Agriculture/Growers | All || X Large | Wholesale/Retail | All || X Large | Service with Significant Environmental Footprint | All || X Large | Manufacturing | All || X Large | Agriculture/Growers | All || Large | Wholesale/Retail | All || Large | Service with Significant Environmental Footprint | All || Large | Manufacturing | All || Large | Agriculture/Growers | All || Medium | Wholesale/Retail | All || Medium | Service with Significant Environmental Footprint | All || Medium | Manufacturing | All || Medium | Agriculture/Growers | All || Small | Wholesale/Retail | All || Small | Service with Significant Environmental Footprint | All || Small | Manufacturing | All || Small | Agriculture/Growers | All || Micro | Wholesale/Retail | All || Micro | Service with Significant Environmental Footprint | All || Micro | Manufacturing | All || Micro | Agriculture/Growers | All || Company without workers | None | None
ESC,Environmental Stewardship & Circularity,ESC1,The company knows its actual and potential impacts on the environment.,ESC1.2,sous_exigence,The company monitors its energy use.,L'entreprise surveille sa consommation énergétique,XX Large / X Large / Large / Medium / Small / Micro,"XX Large: Wholesale/Retail, Service with Significant Environmental Footprint, Manufacturing, Agriculture/Growers | X Large: Wholesale/Retail, Service with Significant Environmental Footprint, Manufacturing, Agriculture/Growers | Large: Wholesale/Retail, Service with Significant Environmental Footprint, Manufacturing, Agriculture/Growers | Medium: Wholesale/Retail, Service with Significant Environmental Footprint, Manufacturing, Agriculture/Growers | Small: Wholesale/Retail, Service with Significant Environmental Footprint, Manufacturing, Agriculture/Growers | Micro: Wholesale/Retail, Service with Significant Environmental Footprint, Manufacturing, Agriculture/Growers",Year0,Micro / Small,4,"1.2.1, 1.2.2, 1.2.3, 1.2.4",registre / trace interne; données chiffrées / calcul; plan / stratégie / objectifs,Processus de suivi ; factures / preuves d'installations renouvelables ; rapports de répartition énergétique ; liste des sites,GEC1.2,GEC1.2,oui,904,909,XX Large | Wholesale/Retail | All || XX Large | Service with Significant Environmental Footprint | All || XX Large | Manufacturing | All || XX Large | Agriculture/Growers | All || X Large | Wholesale/Retail | All || X Large | Service with Significant Environmental Footprint | All || X Large | Manufacturing | All || X Large | Agriculture/Growers | All || Large | Wholesale/Retail | All || Large | Service with Significant Environmental Footprint | All || Large | Manufacturing | All || Large | Agriculture/Growers | All || Medium | Wholesale/Retail | All || Medium | Service with Significant Environmental Footprint | All || Medium | Manufacturing | All || Medium | Agriculture/Growers | All || Small | Wholesale/Retail | All || Small | Service with Significant Environmental Footprint | All || Small | Manufacturing | All || Small | Agriculture/Growers | All || Micro | Wholesale/Retail | All || Micro | Service with Significant Environmental Footprint | All || Micro | Manufacturing | All || Micro | Agriculture/Growers | All || Company without workers | None | None
ESC,Environmental Stewardship & Circularity,ESC1,The company knows its actual and potential impacts on the environment.,ESC1.3,sous_exigence,The company monitors its water consumption or withdrawal.,L'entreprise surveille sa consommation ou son prélèvement d'eau,XX Large / X Large / Large / Medium / Small / Micro,"XX Large: Wholesale/Retail, Service with Significant Environmental Footprint, Manufacturing, Agriculture/Growers | X Large: Wholesale/Retail, Service with Significant Environmental Footprint, Manufacturing, Agriculture/Growers | Large: Wholesale/Retail, Service with Significant Environmental Footprint, Manufacturing, Agriculture/Growers | Medium: Wholesale/Retail, Service with Significant Environmental Footprint, Manufacturing, Agriculture/Growers | Small: Wholesale/Retail, Service with Significant Environmental Footprint, Manufacturing, Agriculture/Growers | Micro: Wholesale/Retail, Service with Significant Environmental Footprint, Manufacturing, Agriculture/Growers",Year0,Micro / Small,5,"1.3.1, 1.3.2, 1.3.3, 1.3.4, 1.3.5",registre / trace interne; données chiffrées / calcul; plan / stratégie / objectifs,Processus de suivi ; justification de la méthode de mesure ; évaluation du risque eau ; rapports de consommation,GEC1.3,GEC1.3,oui,910,914,XX Large | Wholesale/Retail | All || XX Large | Service with Significant Environmental Footprint | All || XX Large | Manufacturing | All || XX Large | Agriculture/Growers | All || X Large | Wholesale/Retail | All || X Large | Service with Significant Environmental Footprint | All || X Large | Manufacturing | All || X Large | Agriculture/Growers | All || Large | Wholesale/Retail | All || Large | Service with Significant Environmental Footprint | All || Large | Manufacturing | All || Large | Agriculture/Growers | All || Medium | Wholesale/Retail | All || Medium | Service with Significant Environmental Footprint | All || Medium | Manufacturing | All || Medium | Agriculture/Growers | All || Small | Wholesale/Retail | All || Small | Service with Significant Environmental Footprint | All || Small | Manufacturing | All || Small | Agriculture/Growers | All || Micro | Wholesale/Retail | All || Micro | Service with Significant Environmental Footprint | All || Micro | Manufacturing | All || Micro | Agriculture/Growers | All || Company without workers | None | None
ESC,Environmental Stewardship & Circularity,ESC1,The company knows its actual and potential impacts on the environment.,ESC1.4,sous_exigence,The company identifies its facilities in areas at water risk and monitors their water consumption or withdrawal.,L'entreprise identifie ses infrastructures dans les zones à risque hydrique et surveille leur consommation ou leur prélèvement d'eau,XX Large / X Large / Large / Medium,"XX Large: Wholesale/Retail, Service with Significant Environmental Footprint, Manufacturing, Agriculture/Growers | X Large: Wholesale/Retail, Service with Significant Environmental Footprint, Manufacturing, Agriculture/Growers | Large: Wholesale/Retail, Service with Significant Environmental Footprint, Manufacturing, Agriculture/Growers | Medium: Wholesale/Retail, Service with Significant Environmental Footprint, Manufacturing, Agriculture/Growers",Year0,Medium / Large / X Large / XX Large,4,"1.4.1, 1.4.2, 1.4.3, 1.4.4",registre / trace interne; données chiffrées / calcul; plan / stratégie / objectifs,Liste géolocalisée des sites ; recherche de risque hydrique ; consommation par zone,GEC1.4,GEC1.4,oui,915,919,XX Large | Wholesale/Retail | All || XX Large | Service with Significant Environmental Footprint | All || XX Large | Manufacturing | All || XX Large | Agriculture/Growers | All || X Large | Wholesale/Retail | All || X Large | Service with Significant Environmental Footprint | All || X Large | Manufacturing | All || X Large | Agriculture/Growers | All || Large | Wholesale/Retail | All || Large | Service with Significant Environmental Footprint | All || Large | Manufacturing | All || Large | Agriculture/Growers | All || Medium | Wholesale/Retail | All || Medium | Service with Significant Environmental Footprint | All || Medium | Manufacturing | All || Medium | Agriculture/Growers | All || Small | None | None || Micro | None | None || Company without workers | None | None
ESC,Environmental Stewardship & Circularity,ESC1,The company knows its actual and potential impacts on the environment.,ESC1.5,sous_exigence,"The company identifies its facilities in or near ecologically sensitive areas, and whether they are negatively affecting these areas.","L'entreprise identifie ses infrastructures situées en zone écologiquement sensible ou à proximité, et détermine si elles ont une incidence négative",XX Large / X Large / Large / Medium,"XX Large: Manufacturing, Agriculture/Growers | X Large: Manufacturing, Agriculture/Growers | Large: Manufacturing, Agriculture/Growers | Medium: Manufacturing, Agriculture/Growers",Year0,Medium / Large / X Large / XX Large,3,"1.5.1, 1.5.2, 1.5.3",registre / trace interne; évaluation / analyse,Recherche des zones sensibles ; évaluation d'impact biodiversité (< 36 mois) ; liste géolocalisée des sites,GEC1.5,GEC1.5,,920,924,XX Large | Manufacturing | All || XX Large | Agriculture/Growers | All || X Large | Manufacturing | All || X Large | Agriculture/Growers | All || Large | Manufacturing | All || Large | Agriculture/Growers | All || Medium | Manufacturing | All || Medium | Agriculture/Growers | All || Small | None | None || Micro | None | None || Company without workers | None | None
ESC,Environmental Stewardship & Circularity,ESC1,The company knows its actual and potential impacts on the environment.,ESC1.6,sous_exigence,The company monitors the animal welfare conditions in its operations.,L'entreprise surveille les conditions de bien-être animal dans ses activités,XX Large / X Large / Large / Medium / Small / Micro,Tous secteurs / toutes industries,Year0,Micro / Small,4,"1.6.1, 1.6.2, 1.6.3, 1.6.4",politique/procédure documentée,Cartographie des opérations impliquant des animaux ; indicateurs de bien-être ; synthèse annuelle ; conformité réglementaire,GEC1.6,GEC1.6,,925,930,XX Large | All | All || X Large | All | All || Large | All | All || Medium | All | All || Small | All | All || Micro | All | All || Company without workers | None | None
ESC,Environmental Stewardship & Circularity,ESC1,The company knows its actual and potential impacts on the environment.,ESC1.7,sous_exigence,The company conducts an assessment to identify actual and potential environmental impacts connected to its operations and value chain.,L'entreprise procède à une évaluation afin d'identifier les impacts environnementaux réels et potentiels liés à ses activités internes et à sa chaîne de valeur,XX Large / X Large / Large / Medium,"XX Large: Wholesale/Retail, Service with Significant Environmental Footprint, Manufacturing, Agriculture/Growers | X Large: Wholesale/Retail, Service with Significant Environmental Footprint, Manufacturing, Agriculture/Growers | Large: Wholesale/Retail, Service with Significant Environmental Footprint, Manufacturing, Agriculture/Growers | Medium: Wholesale/Retail, Service with Significant Environmental Footprint, Manufacturing, Agriculture/Growers",Year0,None,5,"1.7.1, 1.7.2, 1.7.3, 1.7.4, 1.7.5",approbation instance dirigeante; registre / trace interne; évaluation / analyse; consultation parties prenantes / salariés,Rapport d'évaluation priorisant les enjeux environnementaux avec méthodologie (< 36 mois) ; données de performance ; engagement des parties prenantes,GEC1.7,GEC1.7,,931,945,XX Large | Wholesale/Retail | All || XX Large | Service with Significant Environmental Footprint | All || XX Large | Manufacturing | All || XX Large | Agriculture/Growers | All || X Large | Wholesale/Retail | All || X Large | Service with Significant Environmental Footprint | All || X Large | Manufacturing | All || X Large | Agriculture/Growers | All || Large | Wholesale/Retail | All || Large | Service with Significant Environmental Footprint | All || Large | Manufacturing | All || Large | Agriculture/Growers | All || Medium | Wholesale/Retail | All || Medium | Service with Significant Environmental Footprint | All || Medium | Manufacturing | All || Medium | Agriculture/Growers | All || Small | None | None || Micro | None | None || Company without workers | None | None
ESC,Environmental Stewardship & Circularity,ESC1,The company knows its actual and potential impacts on the environment.,ESC1.8,sous_exigence,The company publicly shares its material environmental issues.,L'entreprise partage publiquement ses enjeux environnementaux matériels,XX Large / X Large / Large / Medium,"XX Large: Wholesale/Retail, Service with Significant Environmental Footprint, Manufacturing, Agriculture/Growers | X Large: Wholesale/Retail, Service with Significant Environmental Footprint, Manufacturing, Agriculture/Growers | Large: Wholesale/Retail, Service with Significant Environmental Footprint, Manufacturing, Agriculture/Growers | Medium: Wholesale/Retail, Service with Significant Environmental Footprint, Manufacturing, Agriculture/Growers",Year3,None,2,"1.8.1, 1.8.2",publication / accès public; évaluation / analyse,Lien site / rapport annuel avec matrice de matérialité et méthodologie,GEC1.8,GEC1.8,,946,949,XX Large | Wholesale/Retail | All || XX Large | Service with Significant Environmental Footprint | All || XX Large | Manufacturing | All || XX Large | Agriculture/Growers | All || X Large | Wholesale/Retail | All || X Large | Service with Significant Environmental Footprint | All || X Large | Manufacturing | All || X Large | Agriculture/Growers | All || Large | Wholesale/Retail | All || Large | Service with Significant Environmental Footprint | All || Large | Manufacturing | All || Large | Agriculture/Growers | All || Medium | Wholesale/Retail | All || Medium | Service with Significant Environmental Footprint | All || Medium | Manufacturing | All || Medium | Agriculture/Growers | All || Small | None | None || Micro | None | None || Company without workers | None | None
ESC,Environmental Stewardship & Circularity,ESC2,"The company has a strategy to address its actual and potential negative environmental impacts, and to support staying within ecological thresholds.",ESC2.1,sous_exigence,The company has a strategy to address its actual and potential negative environmental impacts.,L'entreprise a mis en place une stratégie pour remédier à ses impacts négatifs réels et potentiels sur l'environnement,XX Large / X Large / Large / Medium,"XX Large: Service with Significant Environmental Footprint, Wholesale/Retail, Manufacturing, Agriculture/Growers | X Large: Service with Significant Environmental Footprint, Wholesale/Retail, Manufacturing, Agriculture/Growers | Large: Service with Significant Environmental Footprint, Wholesale/Retail, Manufacturing, Agriculture/Growers | Medium: Service with Significant Environmental Footprint, Wholesale/Retail, Manufacturing, Agriculture/Growers",Year3,None,4,"2.1.1, 2.1.2, 2.1.3, 2.1.4",approbation instance dirigeante; évaluation / analyse; plan / stratégie / objectifs; consultation parties prenantes / salariés,Stratégie environnementale + plan de mise en œuvre ; approbation de la direction ; date d'adoption/révision (< 12 mois) ; PV de revue,GEC2.1,GEC2.1,,950,959,XX Large | Service with Significant Environmental Footprint | All || XX Large | Wholesale/Retail | All || XX Large | Manufacturing | All || XX Large | Agriculture/Growers | All || X Large | Service with Significant Environmental Footprint | All || X Large | Wholesale/Retail | All || X Large | Manufacturing | All || X Large | Agriculture/Growers | All || Large | Service with Significant Environmental Footprint | All || Large | Wholesale/Retail | All || Large | Manufacturing | All || Large | Agriculture/Growers | All || Medium | Service with Significant Environmental Footprint | All || Medium | Wholesale/Retail | All || Medium | Manufacturing | All || Medium | Agriculture/Growers | All || Small | None | None || Micro | None | None || Company without workers | None | None
ESC,Environmental Stewardship & Circularity,ESC2,"The company has a strategy to address its actual and potential negative environmental impacts, and to support staying within ecological thresholds.",ESC2.2,sous_exigence,The company has a biodiversity transition plan to halt and reverse biodiversity loss caused by its operations and value chain.,L'entreprise dispose d'un plan de transition pour la biodiversité visant à arrêter et à inverser la perte de biodiversité,XX Large / X Large / Large / Medium,"XX Large: Service with Significant Environmental Footprint, Wholesale/Retail, Manufacturing, Agriculture/Growers | X Large: Service with Significant Environmental Footprint, Wholesale/Retail, Manufacturing, Agriculture/Growers | Large: Manufacturing [Mining], Agriculture/Growers | Medium: Manufacturing [Mining], Agriculture/Growers",Year3,None,5,"2.2.1, 2.2.2, 2.2.3, 2.2.4, 2.2.5",approbation instance dirigeante; données chiffrées / calcul; évaluation / analyse; plan / stratégie / objectifs; consultation parties prenantes / salariés,Plan de transition biodiversité ; plans d'action ; approbation ; date (< 12 mois),GEC2.2,GEC2.2,,960,969,XX Large | Service with Significant Environmental Footprint | All || XX Large | Wholesale/Retail | All || XX Large | Manufacturing | All || XX Large | Agriculture/Growers | All || X Large | Service with Significant Environmental Footprint | All || X Large | Wholesale/Retail | All || X Large | Manufacturing | All || X Large | Agriculture/Growers | All || Large | Manufacturing | Mining || Large | Agriculture/Growers | All || Medium | Manufacturing | Mining || Medium | Agriculture/Growers | All || Small | None | None || Micro | None | None || Company without workers | None | None
ESC,Environmental Stewardship & Circularity,ESC2,"The company has a strategy to address its actual and potential negative environmental impacts, and to support staying within ecological thresholds.",ESC2.3,sous_exigence,The company has a water stewardship strategy that limits water use in its operations and value chain to within sustainable thresholds.,L'entreprise a mis en place une stratégie de gestion de l'eau qui limite la consommation d'eau à des seuils soutenables,XX Large / X Large / Large / Medium,"XX Large: Wholesale/Retail, Service with Significant Environmental Footprint, Manufacturing, Agriculture/Growers | X Large: Wholesale/Retail, Service with Significant Environmental Footprint, Manufacturing, Agriculture/Growers | Large: Wholesale/Retail, Service with Significant Environmental Footprint, Manufacturing, Agriculture/Growers | Medium: Agriculture/Growers, Manufacturing [Mining]",Year3,None,4,"2.3.1, 2.3.2, 2.3.3, 2.3.4",approbation instance dirigeante; données chiffrées / calcul; évaluation / analyse; plan / stratégie / objectifs; consultation parties prenantes / salariés,"Stratégie eau ; approbation ; date (< 12 mois) ; données de contexte (autorités locales, analyses de risque)",GEC2.3,GEC2.3,,970,976,XX Large | Wholesale/Retail | All || XX Large | Service with Significant Environmental Footprint | All || XX Large | Manufacturing | All || XX Large | Agriculture/Growers | All || X Large | Wholesale/Retail | All || X Large | Service with Significant Environmental Footprint | All || X Large | Manufacturing | All || X Large | Agriculture/Growers | All || Large | Wholesale/Retail | All || Large | Service with Significant Environmental Footprint | All || Large | Manufacturing | All || Large | Agriculture/Growers | All || Medium | Agriculture/Growers | All || Medium | Manufacturing | Mining || Small | None | None || Micro | None | None || Company without workers | None | None
ESC,Environmental Stewardship & Circularity,ESC2,"The company has a strategy to address its actual and potential negative environmental impacts, and to support staying within ecological thresholds.",ESC2.4,sous_exigence,The company’s policies and procedures address its material environmental impact areas.,Les politiques et procédures de l'entreprise traitent les enjeux d'impacts environnementaux matériels,XX Large / X Large / Large / Medium,"XX Large: Wholesale/Retail, Service with Significant Environmental Footprint, Manufacturing, Agriculture/Growers | X Large: Wholesale/Retail, Service with Significant Environmental Footprint, Manufacturing, Agriculture/Growers | Large: Wholesale/Retail, Service with Significant Environmental Footprint, Manufacturing, Agriculture/Growers | Medium: Wholesale/Retail, Service with Significant Environmental Footprint, Manufacturing, Agriculture/Growers",Year3,Medium / Large / X Large / XX Large,2,"2.4.1, 2.4.2",politique/procédure documentée,Politique/procédure pour chaque enjeu matériel,GEC2.4,GEC2.4,,977,981,XX Large | Wholesale/Retail | All || XX Large | Service with Significant Environmental Footprint | All || XX Large | Manufacturing | All || XX Large | Agriculture/Growers | All || X Large | Wholesale/Retail | All || X Large | Service with Significant Environmental Footprint | All || X Large | Manufacturing | All || X Large | Agriculture/Growers | All || Large | Wholesale/Retail | All || Large | Service with Significant Environmental Footprint | All || Large | Manufacturing | All || Large | Agriculture/Growers | All || Medium | Wholesale/Retail | All || Medium | Service with Significant Environmental Footprint | All || Medium | Manufacturing | All || Medium | Agriculture/Growers | All || Small | None | None || Micro | None | None || Company without workers | None | None
ESC,Environmental Stewardship & Circularity,ESC2,"The company has a strategy to address its actual and potential negative environmental impacts, and to support staying within ecological thresholds.",ESC2.5,sous_exigence,Workers in relevant roles receive the guidance they need to implement the environmental policies and procedures.,Les collaborateurs exerçant des fonctions pertinentes reçoivent les conseils dont ils ont besoin pour mettre en œuvre les politiques et procédures environnementales,XX Large / X Large / Large / Medium,"XX Large: Wholesale/Retail, Service with Significant Environmental Footprint, Manufacturing, Agriculture/Growers | X Large: Wholesale/Retail, Service with Significant Environmental Footprint, Manufacturing, Agriculture/Growers | Large: Wholesale/Retail, Service with Significant Environmental Footprint, Manufacturing, Agriculture/Growers | Medium: Wholesale/Retail, Service with Significant Environmental Footprint, Manufacturing, Agriculture/Growers",Year3,Medium / Large / X Large / XX Large,2,"2.5.1, 2.5.2",politique/procédure documentée; formation / communication interne,Supports de formation / outils ; feuilles de présence ; fiches de poste ; entretiens salariés,GEC2.5,GEC2.5,,982,984,XX Large | Wholesale/Retail | All || XX Large | Service with Significant Environmental Footprint | All || XX Large | Manufacturing | All || XX Large | Agriculture/Growers | All || X Large | Wholesale/Retail | All || X Large | Service with Significant Environmental Footprint | All || X Large | Manufacturing | All || X Large | Agriculture/Growers | All || Large | Wholesale/Retail | All || Large | Service with Significant Environmental Footprint | All || Large | Manufacturing | All || Large | Agriculture/Growers | All || Medium | Wholesale/Retail | All || Medium | Service with Significant Environmental Footprint | All || Medium | Manufacturing | All || Medium | Agriculture/Growers | All || Small | None | None || Micro | None | None || Company without workers | None | None
ESC,Environmental Stewardship & Circularity,ESC2,"The company has a strategy to address its actual and potential negative environmental impacts, and to support staying within ecological thresholds.",ESC2.6,sous_exigence,"The company assesses the potential negative environmental impacts related to potential organizational clients and projects, and takes necessary mitigation actions.","L'entreprise évalue les impacts environnementaux négatifs potentiels liés à ses prospects organisationnels et aux projets envisagés, et prend les mesures d'atténuation nécessaires",XX Large / X Large / Large / Medium / Small / Micro / Company without workers,"XX Large: Service with Minor Environmental Footprint [Landscape services], Service with Minor Environmental Footprint [Advertising & market research], Service with Minor Environmental Footprint [Environmental consulting], Service with Minor Environmental Footprint [Engineering], Service with Minor Environmental Footprint [Scientific R&D], Service with Minor Environmental Footprint [Veterinary activities], Service with Minor Environmental Footprint [Legal activities], Service with Minor Environmental Footprint [Management consultant - for-profits], Service with Minor Environmental Footprint [Book publishing], Service with Minor Environmental Footprint [Publishing - newspapers & magazines], Service with Minor Environmental Footprint [Film, TV & music production], Service with Minor Environmental Footprint [Programming & broadcasting], Service with Minor Environmental Footprint [Computer programming services], Service with Minor Environmental Footprint [Data processing & hosting], Service with Minor Environmental Footprint [Mobile applications], Service with Minor Environmental Footprint [Social networks & info sharing], Service with Minor Environmental Footprint [Software publishing and SaaS plat- forms], Service with Minor Environmental Footprint [Telecommunications], Service with Minor Environmental Footprint [Web portals], Service with Minor Environmental Footprint [Other info service activities], Service with Minor Environmental Footprint [Architecture design & planning], Service with Minor Environmental Footprint [Civil engineering], Service with Minor Environmental Footprint [Contracting & building], Service with Minor Environmental Footprint [Design & building], Service with Minor Environmental Footprint [Other install & construction], Service with Minor Environmental Footprint [Real estate development], Service with Minor Environmental Footprint [Real estate- fee/contract], Service with Minor Environmental Footprint [Real estate - leased property] | X Large: Service with Minor Environmental Footprint [Advertising & market research], Service with Minor Environmental Footprint [Architecture design & planning], Service with Minor Environmental Footprint [Book publishing], Service with Minor Environmental Footprint [Civil engineering], Service with Minor Environmental Footprint [Computer programming services], Service with Minor Environmental Footprint [Contracting & building], Service with Minor Environmental Footprint [Data processing & hosting], Service with Minor Environmental Footprint [Design & building], Service with Minor Environmental Footprint [Engineering], Service with Minor Environmental Footprint [Environmental consulting], Service with Minor Environmental Footprint [Film, TV & music production], Service with Minor Environmental Footprint [Landscape services], Service with Minor Environmental Footprint [Legal activities], Service with Minor Environmental Footprint [Management consultant - for-profits], Service with Minor Environmental Footprint [Mobile applications], Service with Minor Environmental Footprint [Other info service activities], Service with Minor Environmental Footprint [Other install & construction], Service with Minor Environmental Footprint [Programming & broadcasting], Service with Minor Environmental Footprint [Publishing - newspapers & magazines], Service with Minor Environmental Footprint [Real estate - leased property], Service with Minor Environmental Footprint [Real estate development], Service with Minor Environmental Footprint [Real estate- fee/contract], Service with Minor Environmental Footprint [Scientific R&D], Service with Minor Environmental Footprint [Social networks & info sharing], Service with Minor Environmental Footprint [Software publishing and SaaS plat- forms], Service with Minor Environmental Footprint [Telecommunications], Service with Minor Environmental Footprint [Veterinary activities], Service with Minor Environmental Footprint [Web portals] | Large: Service with Minor Environmental Footprint [Advertising & market research], Service with Minor Environmental Footprint [Architecture design & planning], Service with Minor Environmental Footprint [Book publishing], Service with Minor Environmental Footprint [Civil engineering], Service with Minor Environmental Footprint [Computer programming services], Service with Minor Environmental Footprint [Contracting & building], Service with Minor Environmental Footprint [Data processing & hosting], Service with Minor Environmental Footprint [Design & building], Service with Minor Environmental Footprint [Engineering], Service with Minor Environmental Footprint [Environmental consulting], Service with Minor Environmental Footprint [Film, TV & music production], Service with Minor Environmental Footprint [Landscape services], Service with Minor Environmental Footprint [Legal activities], Service with Minor Environmental Footprint [Management consultant - for-profits], Service with Minor Environmental Footprint [Mobile applications], Service with Minor Environmental Footprint [Other info service activities], Service with Minor Environmental Footprint [Other install & construction], Service with Minor Environmental Footprint [Programming & broadcasting], Service with Minor Environmental Footprint [Publishing - newspapers & magazines], Service with Minor Environmental Footprint [Real estate - leased property], Service with Minor Environmental Footprint [Real estate development], Service with Minor Environmental Footprint [Real estate- fee/contract], Service with Minor Environmental Footprint [Scientific R&D], Service with Minor Environmental Footprint [Social networks & info sharing], Service with Minor Environmental Footprint [Software publishing and SaaS plat- forms], Service with Minor Environmental Footprint [Telecommunications], Service with Minor Environmental Footprint [Veterinary activities], Service with Minor Environmental Footprint [Web portals] | Medium: Service with Minor Environmental Footprint [Advertising & market research], Service with Minor Environmental Footprint [Architecture design & planning], Service with Minor Environmental Footprint [Book publishing], Service with Minor Environmental Footprint [Civil engineering], Service with Minor Environmental Footprint [Computer programming services], Service with Minor Environmental Footprint [Contracting & building], Service with Minor Environmental Footprint [Data processing & hosting], Service with Minor Environmental Footprint [Design & building], Service with Minor Environmental Footprint [Engineering], Service with Minor Environmental Footprint [Environmental consulting], Service with Minor Environmental Footprint [Film, TV & music production], Service with Minor Environmental Footprint [Landscape services], Service with Minor Environmental Footprint [Legal activities], Service with Minor Environmental Footprint [Management consultant - for-profits], Service with Minor Environmental Footprint [Mobile applications], Service with Minor Environmental Footprint [Other info service activities], Service with Minor Environmental Footprint [Other install & construction], Service with Minor Environmental Footprint [Programming & broadcasting], Service with Minor Environmental Footprint [Publishing - newspapers & magazines], Service with Minor Environmental Footprint [Real estate - leased property], Service with Minor Environmental Footprint [Real estate development], Service with Minor Environmental Footprint [Real estate- fee/contract], Service with Minor Environmental Footprint [Scientific R&D], Service with Minor Environmental Footprint [Social networks & info sharing], Service with Minor Environmental Footprint [Software publishing and SaaS plat- forms], Service with Minor Environmental Footprint [Telecommunications], Service with Minor Environmental Footprint [Veterinary activities], Service with Minor Environmental Footprint [Web portals] | Small: Service with Minor Environmental Footprint [Architecture design & planning], Service with Minor Environmental Footprint [Book publishing], Service with Minor Environmental Footprint [Civil engineering], Service with Minor Environmental Footprint [Computer programming services], Service with Minor Environmental Footprint [Contracting & building], Service with Minor Environmental Footprint [Data processing & hosting], Service with Minor Environmental Footprint [Design & building], Service with Minor Environmental Footprint [Engineering], Service with Minor Environmental Footprint [Environmental consulting], Service with Minor Environmental Footprint [Film, TV & music production], Service with Minor Environmental Footprint [Landscape services], Service with Minor Environmental Footprint [Legal activities], Service with Minor Environmental Footprint [Management consultant - for-profits], Service with Minor Environmental Footprint [Mobile applications], Service with Minor Environmental Footprint [Other info service activities], Service with Minor Environmental Footprint [Other install & construction], Service with Minor Environmental Footprint [Programming & broadcasting], Service with Minor Environmental Footprint [Publishing - newspapers & magazines], Service with Minor Environmental Footprint [Real estate - leased property], Service with Minor Environmental Footprint [Real estate development], Service with Minor Environmental Footprint [Real estate- fee/contract], Service with Minor Environmental Footprint [Scientific R&D], Service with Minor Environmental Footprint [Social networks & info sharing], Service with Minor Environmental Footprint [Software publishing and SaaS plat- forms], Service with Minor Environmental Footprint [Telecommunications], Service with Minor Environmental Footprint [Veterinary activities], Service with Minor Environmental Footprint [Web portals], Service with Minor Environmental Footprint [Advertising & market research] | Micro: Service with Minor Environmental Footprint [Advertising & market research], Service with Minor Environmental Footprint [Architecture design & planning], Service with Minor Environmental Footprint [Book publishing], Service with Minor Environmental Footprint [Civil engineering], Service with Minor Environmental Footprint [Computer programming services], Service with Minor Environmental Footprint [Contracting & building], Service with Minor Environmental Footprint [Data processing & hosting], Service with Minor Environmental Footprint [Design & building], Service with Minor Environmental Footprint [Engineering], Service with Minor Environmental Footprint [Environmental consulting], Service with Minor Environmental Footprint [Film, TV & music production], Service with Minor Environmental Footprint [Landscape services], Service with Minor Environmental Footprint [Legal activities], Service with Minor Environmental Footprint [Management consultant - for-profits], Service with Minor Environmental Footprint [Mobile applications], Service with Minor Environmental Footprint [Other info service activities], Service with Minor Environmental Footprint [Other install & construction], Service with Minor Environmental Footprint [Programming & broadcasting], Service with Minor Environmental Footprint [Publishing - newspapers & magazines], Service with Minor Environmental Footprint [Real estate - leased property], Service with Minor Environmental Footprint [Real estate development], Service with Minor Environmental Footprint [Real estate- fee/contract], Service with Minor Environmental Footprint [Scientific R&D], Service with Minor Environmental Footprint [Social networks & info sharing], Service with Minor Environmental Footprint [Software publishing and SaaS plat- forms], Service with Minor Environmental Footprint [Telecommunications], Service with Minor Environmental Footprint [Veterinary activities], Service with Minor Environmental Footprint [Web portals] | Company without workers: Service with Minor Environmental Footprint [Advertising & market research], Service with Minor Environmental Footprint [Architecture design & planning], Service with Minor Environmental Footprint [Book publishing], Service with Minor Environmental Footprint [Civil engineering], Service with Minor Environmental Footprint [Computer programming services], Service with Minor Environmental Footprint [Contracting & building], Service with Minor Environmental Footprint [Data processing & hosting], Service with Minor Environmental Footprint [Design & building], Service with Minor Environmental Footprint [Engineering], Service with Minor Environmental Footprint [Environmental consulting], Service with Minor Environmental Footprint [Film, TV & music production], Service with Minor Environmental Footprint [Landscape services], Service with Minor Environmental Footprint [Legal activities], Service with Minor Environmental Footprint [Mobile applications], Service with Minor Environmental Footprint [Other info service activities], Service with Minor Environmental Footprint [Other install & construction], Service with Minor Environmental Footprint [Programming & broadcasting], Service with Minor Environmental Footprint [Publishing - newspapers & magazines], Service with Minor Environmental Footprint [Real estate - leased property], Service with Minor Environmental Footprint [Real estate development], Service with Minor Environmental Footprint [Real estate- fee/contract], Service with Minor Environmental Footprint [Scientific R&D], Service with Minor Environmental Footprint [Social networks & info sharing], Service with Minor Environmental Footprint [Software publishing and SaaS plat- forms], Service with Minor Environmental Footprint [Telecommunications], Service with Minor Environmental Footprint [Veterinary activities], Service with Minor Environmental Footprint [Web portals], Service with Minor Environmental Footprint [Management consultant - for-profits]",Year0,Company without workers / Micro,4,"2.6.1, 2.6.2, 2.6.3, 2.6.4",politique/procédure documentée; registre / trace interne; évaluation / analyse,Processus d'évaluation documenté ; politique de sélection clients ; outil de filtrage ; résultats,GEC2.6,GEC2.6,oui,985,1000,"XX Large | Service with Minor Environmental Footprint | Landscape services || XX Large | Service with Minor Environmental Footprint | Advertising & market research || XX Large | Service with Minor Environmental Footprint | Environmental consulting || XX Large | Service with Minor Environmental Footprint | Engineering || XX Large | Service with Minor Environmental Footprint | Scientific R&D || XX Large | Service with Minor Environmental Footprint | Veterinary activities || XX Large | Service with Minor Environmental Footprint | Legal activities || XX Large | Service with Minor Environmental Footprint | Management consultant - for-profits || XX Large | Service with Minor Environmental Footprint | Book publishing || XX Large | Service with Minor Environmental Footprint | Publishing - newspapers & magazines || XX Large | Service with Minor Environmental Footprint | Film, TV & music production || XX Large | Service with Minor Environmental Footprint | Programming & broadcasting || XX Large | Service with Minor Environmental Footprint | Computer programming services || XX Large | Service with Minor Environmental Footprint | Data processing & hosting || XX Large | Service with Minor Environmental Footprint | Mobile applications || XX Large | Service with Minor Environmental Footprint | Social networks & info sharing || XX Large | Service with Minor Environmental Footprint | Software publishing and SaaS plat- forms || XX Large | Service with Minor Environmental Footprint | Telecommunications || XX Large | Service with Minor Environmental Footprint | Web portals || XX Large | Service with Minor Environmental Footprint | Other info service activities || XX Large | Service with Minor Environmental Footprint | Architecture design & planning || XX Large | Service with Minor Environmental Footprint | Civil engineering || XX Large | Service with Minor Environmental Footprint | Contracting & building || XX Large | Service with Minor Environmental Footprint | Design & building || XX Large | Service with Minor Environmental Footprint | Other install & construction || XX Large | Service with Minor Environmental Footprint | Real estate development || XX Large | Service with Minor Environmental Footprint | Real estate- fee/contract || XX Large | Service with Minor Environmental Footprint | Real estate - leased property || X Large | Service with Minor Environmental Footprint | Advertising & market research || X Large | Service with Minor Environmental Footprint | Architecture design & planning || X Large | Service with Minor Environmental Footprint | Book publishing || X Large | Service with Minor Environmental Footprint | Civil engineering || X Large | Service with Minor Environmental Footprint | Computer programming services || X Large | Service with Minor Environmental Footprint | Contracting & building || X Large | Service with Minor Environmental Footprint | Data processing & hosting || X Large | Service with Minor Environmental Footprint | Design & building || X Large | Service with Minor Environmental Footprint | Engineering || X Large | Service with Minor Environmental Footprint | Environmental consulting || X Large | Service with Minor Environmental Footprint | Film, TV & music production || X Large | Service with Minor Environmental Footprint | Landscape services || X Large | Service with Minor Environmental Footprint | Legal activities || X Large | Service with Minor Environmental Footprint | Management consultant - for-profits || X Large | Service with Minor Environmental Footprint | Mobile applications || X Large | Service with Minor Environmental Footprint | Other info service activities || X Large | Service with Minor Environmental Footprint | Other install & construction || X Large | Service with Minor Environmental Footprint | Programming & broadcasting || X Large | Service with Minor Environmental Footprint | Publishing - newspapers & magazines || X Large | Service with Minor Environmental Footprint | Real estate - leased property || X Large | Service with Minor Environmental Footprint | Real estate development || X Large | Service with Minor Environmental Footprint | Real estate- fee/contract || X Large | Service with Minor Environmental Footprint | Scientific R&D || X Large | Service with Minor Environmental Footprint | Social networks & info sharing || X Large | Service with Minor Environmental Footprint | Software publishing and SaaS plat- forms || X Large | Service with Minor Environmental Footprint | Telecommunications || X Large | Service with Minor Environmental Footprint | Veterinary activities || X Large | Service with Minor Environmental Footprint | Web portals || Large | Service with Minor Environmental Footprint | Advertising & market research || Large | Service with Minor Environmental Footprint | Architecture design & planning || Large | Service with Minor Environmental Footprint | Book publishing || Large | Service with Minor Environmental Footprint | Civil engineering || Large | Service with Minor Environmental Footprint | Computer programming services || Large | Service with Minor Environmental Footprint | Contracting & building || Large | Service with Minor Environmental Footprint | Data processing & hosting || Large | Service with Minor Environmental Footprint | Design & building || Large | Service with Minor Environmental Footprint | Engineering || Large | Service with Minor Environmental Footprint | Environmental consulting || Large | Service with Minor Environmental Footprint | Film, TV & music production || Large | Service with Minor Environmental Footprint | Landscape services || Large | Service with Minor Environmental Footprint | Legal activities || Large | Service with Minor Environmental Footprint | Management consultant - for-profits || Large | Service with Minor Environmental Footprint | Mobile applications || Large | Service with Minor Environmental Footprint | Other info service activities || Large | Service with Minor Environmental Footprint | Other install & construction || Large | Service with Minor Environmental Footprint | Programming & broadcasting || Large | Service with Minor Environmental Footprint | Publishing - newspapers & magazines || Large | Service with Minor Environmental Footprint | Real estate - leased property || Large | Service with Minor Environmental Footprint | Real estate development || Large | Service with Minor Environmental Footprint | Real estate- fee/contract || Large | Service with Minor Environmental Footprint | Scientific R&D || Large | Service with Minor Environmental Footprint | Social networks & info sharing || Large | Service with Minor Environmental Footprint | Software publishing and SaaS plat- forms || Large | Service with Minor Environmental Footprint | Telecommunications || Large | Service with Minor Environmental Footprint | Veterinary activities || Large | Service with Minor Environmental Footprint | Web portals || Medium | Service with Minor Environmental Footprint | Advertising & market research || Medium | Service with Minor Environmental Footprint | Architecture design & planning || Medium | Service with Minor Environmental Footprint | Book publishing || Medium | Service with Minor Environmental Footprint | Civil engineering || Medium | Service with Minor Environmental Footprint | Computer programming services || Medium | Service with Minor Environmental Footprint | Contracting & building || Medium | Service with Minor Environmental Footprint | Data processing & hosting || Medium | Service with Minor Environmental Footprint | Design & building || Medium | Service with Minor Environmental Footprint | Engineering || Medium | Service with Minor Environmental Footprint | Environmental consulting || Medium | Service with Minor Environmental Footprint | Film, TV & music production || Medium | Service with Minor Environmental Footprint | Landscape services || Medium | Service with Minor Environmental Footprint | Legal activities || Medium | Service with Minor Environmental Footprint | Management consultant - for-profits || Medium | Service with Minor Environmental Footprint | Mobile applications || Medium | Service with Minor Environmental Footprint | Other info service activities || Medium | Service with Minor Environmental Footprint | Other install & construction || Medium | Service with Minor Environmental Footprint | Programming & broadcasting || Medium | Service with Minor Environmental Footprint | Publishing - newspapers & magazines || Medium | Service with Minor Environmental Footprint | Real estate - leased property || Medium | Service with Minor Environmental Footprint | Real estate development || Medium | Service with Minor Environmental Footprint | Real estate- fee/contract || Medium | Service with Minor Environmental Footprint | Scientific R&D || Medium | Service with Minor Environmental Footprint | Social networks & info sharing || Medium | Service with Minor Environmental Footprint | Software publishing and SaaS plat- forms || Medium | Service with Minor Environmental Footprint | Telecommunications || Medium | Service with Minor Environmental Footprint | Veterinary activities || Medium | Service with Minor Environmental Footprint | Web portals || Small | Service with Minor Environmental Footprint | Architecture design & planning || Small | Service with Minor Environmental Footprint | Book publishing || Small | Service with Minor Environmental Footprint | Civil engineering || Small | Service with Minor Environmental Footprint | Computer programming services || Small | Service with Minor Environmental Footprint | Contracting & building || Small | Service with Minor Environmental Footprint | Data processing & hosting || Small | Service with Minor Environmental Footprint | Design & building || Small | Service with Minor Environmental Footprint | Engineering || Small | Service with Minor Environmental Footprint | Environmental consulting || Small | Service with Minor Environmental Footprint | Film, TV & music production || Small | Service with Minor Environmental Footprint | Landscape services || Small | Service with Minor Environmental Footprint | Legal activities || Small | Service with Minor Environmental Footprint | Management consultant - for-profits || Small | Service with Minor Environmental Footprint | Mobile applications || Small | Service with Minor Environmental Footprint | Other info service activities || Small | Service with Minor Environmental Footprint | Other install & construction || Small | Service with Minor Environmental Footprint | Programming & broadcasting || Small | Service with Minor Environmental Footprint | Publishing - newspapers & magazines || Small | Service with Minor Environmental Footprint | Real estate - leased property || Small | Service with Minor Environmental Footprint | Real estate development || Small | Service with Minor Environmental Footprint | Real estate- fee/contract || Small | Service with Minor Environmental Footprint | Scientific R&D || Small | Service with Minor Environmental Footprint | Social networks & info sharing || Small | Service with Minor Environmental Footprint | Software publishing and SaaS plat- forms || Small | Service with Minor Environmental Footprint | Telecommunications || Small | Service with Minor Environmental Footprint | Veterinary activities || Small | Service with Minor Environmental Footprint | Web portals || Small | Service with Minor Environmental Footprint | Advertising & market research || Micro | Service with Minor Environmental Footprint | Advertising & market research || Micro | Service with Minor Environmental Footprint | Architecture design & planning || Micro | Service with Minor Environmental Footprint | Book publishing || Micro | Service with Minor Environmental Footprint | Civil engineering || Micro | Service with Minor Environmental Footprint | Computer programming services || Micro | Service with Minor Environmental Footprint | Contracting & building || Micro | Service with Minor Environmental Footprint | Data processing & hosting || Micro | Service with Minor Environmental Footprint | Design & building || Micro | Service with Minor Environmental Footprint | Engineering || Micro | Service with Minor Environmental Footprint | Environmental consulting || Micro | Service with Minor Environmental Footprint | Film, TV & music production || Micro | Service with Minor Environmental Footprint | Landscape services || Micro | Service with Minor Environmental Footprint | Legal activities || Micro | Service with Minor Environmental Footprint | Management consultant - for-profits || Micro | Service with Minor Environmental Footprint | Mobile applications || Micro | Service with Minor Environmental Footprint | Other info service activities || Micro | Service with Minor Environmental Footprint | Other install & construction || Micro | Service with Minor Environmental Footprint | Programming & broadcasting || Micro | Service with Minor Environmental Footprint | Publishing - newspapers & magazines || Micro | Service with Minor Environmental Footprint | Real estate - leased property || Micro | Service with Minor Environmental Footprint | Real estate development || Micro | Service with Minor Environmental Footprint | Real estate- fee/contract || Micro | Service with Minor Environmental Footprint | Scientific R&D || Micro | Service with Minor Environmental Footprint | Social networks & info sharing || Micro | Service with Minor Environmental Footprint | Software publishing and SaaS plat- forms || Micro | Service with Minor Environmental Footprint | Telecommunications || Micro | Service with Minor Environmental Footprint | Veterinary activities || Micro | Service with Minor Environmental Footprint | Web portals || Company without workers | Service with Minor Environmental Footprint | Advertising & market research || Company without workers | Service with Minor Environmental Footprint | Architecture design & planning || Company without workers | Service with Minor Environmental Footprint | Book publishing || Company without workers | Service with Minor Environmental Footprint | Civil engineering || Company without workers | Service with Minor Environmental Footprint | Computer programming services || Company without workers | Service with Minor Environmental Footprint | Contracting & building || Company without workers | Service with Minor Environmental Footprint | Data processing & hosting || Company without workers | Service with Minor Environmental Footprint | Design & building || Company without workers | Service with Minor Environmental Footprint | Engineering || Company without workers | Service with Minor Environmental Footprint | Environmental consulting || Company without workers | Service with Minor Environmental Footprint | Film, TV & music production || Company without workers | Service with Minor Environmental Footprint | Landscape services || Company without workers | Service with Minor Environmental Footprint | Legal activities || Company without workers | Service with Minor Environmental Footprint | Mobile applications || Company without workers | Service with Minor Environmental Footprint | Other info service activities || Company without workers | Service with Minor Environmental Footprint | Other install & construction || Company without workers | Service with Minor Environmental Footprint | Programming & broadcasting || Company without workers | Service with Minor Environmental Footprint | Publishing - newspapers & magazines || Company without workers | Service with Minor Environmental Footprint | Real estate - leased property || Company without workers | Service with Minor Environmental Footprint | Real estate development || Company without workers | Service with Minor Environmental Footprint | Real estate- fee/contract || Company without workers | Service with Minor Environmental Footprint | Scientific R&D || Company without workers | Service with Minor Environmental Footprint | Social networks & info sharing || Company without workers | Service with Minor Environmental Footprint | Software publishing and SaaS plat- forms || Company without workers | Service with Minor Environmental Footprint | Telecommunications || Company without workers | Service with Minor Environmental Footprint | Veterinary activities || Company without workers | Service with Minor Environmental Footprint | Web portals || Company without workers | Service with Minor Environmental Footprint | Management consultant - for-profits"
ESC,Environmental Stewardship & Circularity,ESC2,"The company has a strategy to address its actual and potential negative environmental impacts, and to support staying within ecological thresholds.",ESC2.7,sous_exigence,"The company assesses the potential negative environmental impacts of investments, and takes necessary mitigation actions.","L'entreprise évalue les impacts environnementaux négatifs potentiels des investissements, et prend les mesures d'atténuation nécessaires",XX Large / X Large / Large / Medium / Small / Micro / Company without workers,"XX Large: Service with Minor Environmental Footprint [Investment advising], Service with Minor Environmental Footprint [Equity investing - Emerging Markets], Service with Minor Environmental Footprint [Equity investing - Developed Markets] | X Large: Service with Minor Environmental Footprint [Equity investing - Emerging Markets], Service with Minor Environmental Footprint [Equity investing - Developed Markets], Service with Minor Environmental Footprint [Investment advising] | Large: Service with Minor Environmental Footprint [Investment advising], Service with Minor Environmental Footprint [Equity investing - Emerging Markets], Service with Minor Environmental Footprint [Equity investing - Developed Markets] | Medium: Service with Minor Environmental Footprint [Investment advising], Service with Minor Environmental Footprint [Equity investing - Emerging Markets], Service with Minor Environmental Footprint [Equity investing - Developed Markets] | Small: Service with Minor Environmental Footprint [Equity investing - Emerging Markets], Service with Minor Environmental Footprint [Equity investing - Developed Markets], Service with Minor Environmental Footprint [Investment advising] | Micro: Service with Minor Environmental Footprint [Investment advising], Service with Minor Environmental Footprint [Equity investing - Emerging Markets], Service with Minor Environmental Footprint [Equity investing - Developed Markets] | Company without workers: Service with Minor Environmental Footprint [Equity investing - Developed Markets], Service with Minor Environmental Footprint [Equity investing - Emerging Markets], Service with Minor Environmental Footprint [Investment advising]",Year0,Company without workers / Micro,4,"2.7.1, 2.7.2, 2.7.3, 2.7.4",politique/procédure documentée; registre / trace interne; évaluation / analyse,Processus d'évaluation des investissements ; politique de sélection ; documentation de trois investissements significatifs,GEC2.7,GEC2.7,oui,1001,1006,XX Large | Service with Minor Environmental Footprint | Investment advising || XX Large | Service with Minor Environmental Footprint | Equity investing - Emerging Markets || XX Large | Service with Minor Environmental Footprint | Equity investing - Developed Markets || X Large | Service with Minor Environmental Footprint | Equity investing - Emerging Markets || X Large | Service with Minor Environmental Footprint | Equity investing - Developed Markets || X Large | Service with Minor Environmental Footprint | Investment advising || Large | Service with Minor Environmental Footprint | Investment advising || Large | Service with Minor Environmental Footprint | Equity investing - Emerging Markets || Large | Service with Minor Environmental Footprint | Equity investing - Developed Markets || Medium | Service with Minor Environmental Footprint | Investment advising || Medium | Service with Minor Environmental Footprint | Equity investing - Emerging Markets || Medium | Service with Minor Environmental Footprint | Equity investing - Developed Markets || Small | Service with Minor Environmental Footprint | Equity investing - Emerging Markets || Small | Service with Minor Environmental Footprint | Equity investing - Developed Markets || Small | Service with Minor Environmental Footprint | Investment advising || Micro | Service with Minor Environmental Footprint | Investment advising || Micro | Service with Minor Environmental Footprint | Equity investing - Emerging Markets || Micro | Service with Minor Environmental Footprint | Equity investing - Developed Markets || Company without workers | Service with Minor Environmental Footprint | Equity investing - Developed Markets || Company without workers | Service with Minor Environmental Footprint | Equity investing - Emerging Markets || Company without workers | Service with Minor Environmental Footprint | Investment advising
ESC,Environmental Stewardship & Circularity,ESC3,The company implements circularity principles to reduce waste and its impact on natural resources.,ESC3.1,sous_exigence,The company monitors its material inflow.,L'entreprise surveille ses approvisionnements en matériaux,XX Large / X Large / Large,"XX Large: Wholesale/Retail, Service with Significant Environmental Footprint, Manufacturing, Agriculture/Growers | X Large: Wholesale/Retail, Service with Significant Environmental Footprint, Manufacturing, Agriculture/Growers | Large: Wholesale/Retail, Service with Significant Environmental Footprint, Manufacturing, Agriculture/Growers",Year0,Large / X Large / XX Large,3,"3.1.1, 3.1.2, 3.1.3",données chiffrées / calcul; vérification tierce,Vue annuelle des flux de matières (produits / emballages) ; certifications des matières renouvelables,GEC3.1,GEC3.1,,1007,1013,XX Large | Wholesale/Retail | All || XX Large | Service with Significant Environmental Footprint | All || XX Large | Manufacturing | All || XX Large | Agriculture/Growers | All || X Large | Wholesale/Retail | All || X Large | Service with Significant Environmental Footprint | All || X Large | Manufacturing | All || X Large | Agriculture/Growers | All || Large | Wholesale/Retail | All || Large | Service with Significant Environmental Footprint | All || Large | Manufacturing | All || Large | Agriculture/Growers | All || Medium | None | None || Small | None | None || Micro | None | None || Company without workers | None | None
ESC,Environmental Stewardship & Circularity,ESC3,The company implements circularity principles to reduce waste and its impact on natural resources.,ESC3.2,sous_exigence,The company reduces its use of virgin non-renewable materials.,L'entreprise réduit son utilisation de matériaux vierges non renouvelables,XX Large / X Large / Large,"XX Large: Wholesale/Retail, Service with Significant Environmental Footprint, Manufacturing, Agriculture/Growers | X Large: Wholesale/Retail, Service with Significant Environmental Footprint, Manufacturing, Agriculture/Growers | Large: Wholesale/Retail, Service with Significant Environmental Footprint, Manufacturing, Agriculture/Growers",Year3,Large / X Large / XX Large,1,3.2.1,données chiffrées / calcul,Vue annuelle des flux de matières démontrant la réduction,GEC3.2,GEC3.2,,1014,1018,XX Large | Wholesale/Retail | All || XX Large | Service with Significant Environmental Footprint | All || XX Large | Manufacturing | All || XX Large | Agriculture/Growers | All || X Large | Wholesale/Retail | All || X Large | Service with Significant Environmental Footprint | All || X Large | Manufacturing | All || X Large | Agriculture/Growers | All || Large | Wholesale/Retail | All || Large | Service with Significant Environmental Footprint | All || Large | Manufacturing | All || Large | Agriculture/Growers | All || Medium | None | None || Small | None | None || Micro | None | None || Company without workers | None | None
ESC,Environmental Stewardship & Circularity,ESC3,The company implements circularity principles to reduce waste and its impact on natural resources.,ESC3.3,sous_exigence,The company’s product development incorporates circularity principles.,Le développement des produits de l'entreprise intègre les principes de circularité,XX Large / X Large / Large / Medium / Small,"XX Large: Wholesale/Retail, Service with Significant Environmental Footprint, Manufacturing, Agriculture/Growers | X Large: Wholesale/Retail, Service with Significant Environmental Footprint, Manufacturing, Agriculture/Growers | Large: Wholesale/Retail, Service with Significant Environmental Footprint, Manufacturing, Agriculture/Growers | Medium: Wholesale/Retail, Service with Significant Environmental Footprint, Manufacturing, Agriculture/Growers | Small: Wholesale/Retail, Service with Significant Environmental Footprint, Manufacturing, Agriculture/Growers",Year3,Small / Medium / Large / X Large / XX Large,5,"3.3.1, 3.3.2, 3.3.3, 3.3.4, 3.3.5",données chiffrées / calcul; contrat / engagement signé,Confirmation écrite des options de circularité ; fiches techniques ; documentation d'écoconception ; réduction de l'usage unique,GEC3.3,GEC3.3,oui,1019,1026,XX Large | Wholesale/Retail | All || XX Large | Service with Significant Environmental Footprint | All || XX Large | Manufacturing | All || XX Large | Agriculture/Growers | All || X Large | Wholesale/Retail | All || X Large | Service with Significant Environmental Footprint | All || X Large | Manufacturing | All || X Large | Agriculture/Growers | All || Large | Wholesale/Retail | All || Large | Service with Significant Environmental Footprint | All || Large | Manufacturing | All || Large | Agriculture/Growers | All || Medium | Wholesale/Retail | All || Medium | Service with Significant Environmental Footprint | All || Medium | Manufacturing | All || Medium | Agriculture/Growers | All || Small | Wholesale/Retail | All || Small | Service with Significant Environmental Footprint | All || Small | Manufacturing | All || Small | Agriculture/Growers | All || Micro | None | None || Company without workers | None | None
ESC,Environmental Stewardship & Circularity,ESC3,The company implements circularity principles to reduce waste and its impact on natural resources.,ESC3.3a,option,The company avoids and reduces single-use products and packaging in its portfolio.,,XX Large / X Large / Large / Medium / Small,"XX Large: Wholesale/Retail, Service with Significant Environmental Footprint, Manufacturing, Agriculture/Growers | X Large: Wholesale/Retail, Service with Significant Environmental Footprint, Manufacturing, Agriculture/Growers | Large: Wholesale/Retail, Service with Significant Environmental Footprint, Manufacturing, Agriculture/Growers | Medium: Wholesale/Retail, Service with Significant Environmental Footprint, Manufacturing, Agriculture/Growers | Small: Wholesale/Retail, Service with Significant Environmental Footprint, Manufacturing, Agriculture/Growers",Year3,None,2,"3.3a.1, 3.3.a.2",registre / trace interne; données chiffrées / calcul,,,GEC3.3a,,1027,1034,XX Large | Wholesale/Retail | All || XX Large | Service with Significant Environmental Footprint | All || XX Large | Manufacturing | All || XX Large | Agriculture/Growers | All || X Large | Wholesale/Retail | All || X Large | Service with Significant Environmental Footprint | All || X Large | Manufacturing | All || X Large | Agriculture/Growers | All || Large | Wholesale/Retail | All || Large | Service with Significant Environmental Footprint | All || Large | Manufacturing | All || Large | Agriculture/Growers | All || Medium | Wholesale/Retail | All || Medium | Service with Significant Environmental Footprint | All || Medium | Manufacturing | All || Medium | Agriculture/Growers | All || Small | Wholesale/Retail | All || Small | Service with Significant Environmental Footprint | All || Small | Manufacturing | All || Small | Agriculture/Growers | All || Micro | None | None || Company without workers | None | None
ESC,Environmental Stewardship & Circularity,ESC3,The company implements circularity principles to reduce waste and its impact on natural resources.,ESC3.3b,option,The company designs its products for long-term use.,,XX Large / X Large / Large / Medium / Small,"XX Large: Wholesale/Retail, Service with Significant Environmental Footprint, Manufacturing, Agriculture/Growers | X Large: Wholesale/Retail, Service with Significant Environmental Footprint, Manufacturing, Agriculture/Growers | Large: Wholesale/Retail, Service with Significant Environmental Footprint, Manufacturing, Agriculture/Growers | Medium: Wholesale/Retail, Service with Significant Environmental Footprint, Manufacturing, Agriculture/Growers | Small: Wholesale/Retail, Service with Significant Environmental Footprint, Manufacturing, Agriculture/Growers",Year3,None,1,3.3b.1,registre / trace interne; données chiffrées / calcul; contrat / engagement signé,,,GEC3.3b,,1035,1041,XX Large | Wholesale/Retail | All || XX Large | Service with Significant Environmental Footprint | All || XX Large | Manufacturing | All || XX Large | Agriculture/Growers | All || X Large | Wholesale/Retail | All || X Large | Service with Significant Environmental Footprint | All || X Large | Manufacturing | All || X Large | Agriculture/Growers | All || Large | Wholesale/Retail | All || Large | Service with Significant Environmental Footprint | All || Large | Manufacturing | All || Large | Agriculture/Growers | All || Medium | Wholesale/Retail | All || Medium | Service with Significant Environmental Footprint | All || Medium | Manufacturing | All || Medium | Agriculture/Growers | All || Small | Wholesale/Retail | All || Small | Service with Significant Environmental Footprint | All || Small | Manufacturing | All || Small | Agriculture/Growers | All || Micro | None | None || Company without workers | None | None
ESC,Environmental Stewardship & Circularity,ESC3,The company implements circularity principles to reduce waste and its impact on natural resources.,ESC3.3c,option,The company’s products are able to recirculate after use.,,XX Large / X Large / Large / Medium / Small,"XX Large: Wholesale/Retail, Service with Significant Environmental Footprint, Manufacturing, Agriculture/Growers | X Large: Wholesale/Retail, Service with Significant Environmental Footprint, Manufacturing, Agriculture/Growers | Large: Wholesale/Retail, Service with Significant Environmental Footprint, Agriculture/Growers, Manufacturing | Medium: Wholesale/Retail, Service with Significant Environmental Footprint, Manufacturing, Agriculture/Growers | Small: Wholesale/Retail, Service with Significant Environmental Footprint, Manufacturing, Agriculture/Growers",Year3,None,1,3.3c.1,registre / trace interne; données chiffrées / calcul; contrat / engagement signé,,,GEC3.3c,,1042,1048,XX Large | Wholesale/Retail | All || XX Large | Service with Significant Environmental Footprint | All || XX Large | Manufacturing | All || XX Large | Agriculture/Growers | All || X Large | Wholesale/Retail | All || X Large | Service with Significant Environmental Footprint | All || X Large | Manufacturing | All || X Large | Agriculture/Growers | All || Large | Wholesale/Retail | All || Large | Service with Significant Environmental Footprint | All || Large | Agriculture/Growers | All || Large | Manufacturing | All || Medium | Wholesale/Retail | All || Medium | Service with Significant Environmental Footprint | All || Medium | Manufacturing | All || Medium | Agriculture/Growers | All || Small | Wholesale/Retail | All || Small | Service with Significant Environmental Footprint | All || Small | Manufacturing | All || Small | Agriculture/Growers | All || Micro | None | None || Company without workers | None | None
ESC,Environmental Stewardship & Circularity,ESC3,The company implements circularity principles to reduce waste and its impact on natural resources.,ESC3.3d,option,The company’s products are able to recirculate at their end-of-life,,XX Large / X Large / Large / Medium / Small,"XX Large: Wholesale/Retail, Service with Significant Environmental Footprint, Manufacturing, Agriculture/Growers | X Large: Wholesale/Retail, Service with Significant Environmental Footprint, Manufacturing, Agriculture/Growers | Large: Wholesale/Retail, Service with Significant Environmental Footprint, Manufacturing, Agriculture/Growers | Medium: Wholesale/Retail, Service with Significant Environmental Footprint, Agriculture/Growers, Wholesale/Retail [Fabricated metal products] | Small: Wholesale/Retail, Service with Significant Environmental Footprint, Manufacturing, Agriculture/Growers",Year3,None,2,"3.3d.1, 3.3d.2",registre / trace interne; données chiffrées / calcul; contrat / engagement signé,,,GEC3.3d,,1049,1055,XX Large | Wholesale/Retail | All || XX Large | Service with Significant Environmental Footprint | All || XX Large | Manufacturing | All || XX Large | Agriculture/Growers | All || X Large | Wholesale/Retail | All || X Large | Service with Significant Environmental Footprint | All || X Large | Manufacturing | All || X Large | Agriculture/Growers | All || Large | Wholesale/Retail | All || Large | Service with Significant Environmental Footprint | All || Large | Manufacturing | All || Large | Agriculture/Growers | All || Medium | Wholesale/Retail | All || Medium | Service with Significant Environmental Footprint | All || Medium | Agriculture/Growers | All || Medium | Wholesale/Retail | Fabricated metal products || Small | Wholesale/Retail | All || Small | Service with Significant Environmental Footprint | All || Small | Manufacturing | All || Small | Agriculture/Growers | All || Micro | None | None || Company without workers | None | None
ESC,Environmental Stewardship & Circularity,ESC3,The company implements circularity principles to reduce waste and its impact on natural resources.,ESC3.4,sous_exigence,The company understands the recovery infrastructure available where it sells its products.,L'entreprise comprend les infrastructures de revalorisation disponibles là où elle vend ses produits,XX Large / X Large,"XX Large: Wholesale/Retail, Service with Significant Environmental Footprint, Manufacturing, Agriculture/Growers | X Large: Wholesale/Retail, Service with Significant Environmental Footprint, Manufacturing, Agriculture/Growers",Year0,None,4,"3.4.1, 3.4.2, 3.4.3, 3.4.4",registre / trace interne; données chiffrées / calcul; évaluation / analyse; consultation parties prenantes / salariés,Analyse des infrastructures de collecte/valorisation (< 36 mois) ; note méthodologique,GEC3.4,GEC3.4,,1056,1059,XX Large | Wholesale/Retail | All || XX Large | Service with Significant Environmental Footprint | All || XX Large | Manufacturing | All || XX Large | Agriculture/Growers | All || X Large | Wholesale/Retail | All || X Large | Service with Significant Environmental Footprint | All || X Large | Manufacturing | All || X Large | Agriculture/Growers | All || Large | None | None || Medium | None | None || Small | None | None || Micro | None | None || Company without workers | None | None
ESC,Environmental Stewardship & Circularity,ESC3,The company implements circularity principles to reduce waste and its impact on natural resources.,ESC3.5,sous_exigence,The company takes steps to increase the recovery of its products and packaging after their end-of-life.,L'entreprise prend des mesures pour augmenter la revalorisation de ses produits et emballages après leur fin de vie,XX Large / X Large,"XX Large: Wholesale/Retail, Service with Significant Environmental Footprint, Manufacturing, Agriculture/Growers | X Large: Wholesale/Retail, Service with Significant Environmental Footprint, Manufacturing, Agriculture/Growers",Year3,None,3,"3.5.1, 3.5.2, 3.5.4",registre / trace interne,Programmes / partenariats ; contrats REP ; mise en œuvre dans deux pays de vente majeurs,GEC3.5,GEC3.5,oui,1060,1064,XX Large | Wholesale/Retail | All || XX Large | Service with Significant Environmental Footprint | All || XX Large | Manufacturing | All || XX Large | Agriculture/Growers | All || X Large | Wholesale/Retail | All || X Large | Service with Significant Environmental Footprint | All || X Large | Manufacturing | All || X Large | Agriculture/Growers | All || Large | None | None || Medium | None | None || Small | None | None || Micro | None | None || Company without workers | None | None
ESC,Environmental Stewardship & Circularity,ESC4,The company takes action to prevent and mitigate its actual and potential negative environmental impacts.,ESC4.1,sous_exigence,The company implements actions to prevent or mitigate its actual and potential negative environmental impacts.,L'entreprise met en place des actions pour prévenir ou atténuer ses impacts environnementaux négatifs réels et potentiels,XX Large / X Large / Large / Small,"XX Large: Service with Minor Environmental Footprint | X Large: Service with Minor Environmental Footprint | Large: Service with Minor Environmental Footprint | Small: Wholesale/Retail, Service with Significant Environmental Footprint, Manufacturing, Agriculture/Growers",Year3,Large / XX Large / X Large / Small,3,"4.1.1, 4.1.2, 4.1.3",registre / trace interne,Documentation des actions et résultats ; engagements publics ; indicateurs d'impact,GEC4.1,GEC4.1,oui,1065,1076,XX Large | Service with Minor Environmental Footprint | All || X Large | Service with Minor Environmental Footprint | All || Large | Service with Minor Environmental Footprint | All || Medium | None | None || Small | Wholesale/Retail | All || Small | Service with Significant Environmental Footprint | All || Small | Manufacturing | All || Small | Agriculture/Growers | All || Micro | None | None || Company without workers | None | None
ESC,Environmental Stewardship & Circularity,ESC4,The company takes action to prevent and mitigate its actual and potential negative environmental impacts.,ESC4.2,sous_exigence,The company makes progress on its environmental strategy and evaluates its effectiveness.,L'entreprise progresse dans sa stratégie environnementale et en évalue l'efficacité,XX Large / X Large / Large / Medium,"XX Large: Wholesale/Retail, Service with Significant Environmental Footprint, Manufacturing, Agriculture/Growers | X Large: Wholesale/Retail, Service with Significant Environmental Footprint, Manufacturing, Agriculture/Growers | Large: Wholesale/Retail, Service with Significant Environmental Footprint, Manufacturing, Agriculture/Growers | Medium: Wholesale/Retail, Service with Significant Environmental Footprint, Manufacturing, Agriculture/Growers",Year5,Medium / Large,5,"4.2.1, 4.2.2, 4.2.3, 4.2.4, 4.2.5",approbation instance dirigeante; registre / trace interne; données chiffrées / calcul; évaluation / analyse; plan / stratégie / objectifs,Stratégie ; actions/résultats ; rapport d'évaluation d'efficacité ; mises à jour ; PV de partage à la direction,GEC4.2,GEC4.2,,1077,1086,XX Large | Wholesale/Retail | All || XX Large | Service with Significant Environmental Footprint | All || XX Large | Manufacturing | All || XX Large | Agriculture/Growers | All || X Large | Wholesale/Retail | All || X Large | Service with Significant Environmental Footprint | All || X Large | Manufacturing | All || X Large | Agriculture/Growers | All || Large | Wholesale/Retail | All || Large | Service with Significant Environmental Footprint | All || Large | Manufacturing | All || Large | Agriculture/Growers | All || Medium | Wholesale/Retail | All || Medium | Service with Significant Environmental Footprint | All || Medium | Manufacturing | All || Medium | Agriculture/Growers | All || Small | None | None || Micro | None | None || Company without workers | None | None
ESC,Environmental Stewardship & Circularity,ESC4,The company takes action to prevent and mitigate its actual and potential negative environmental impacts.,ESC4.3,sous_exigence,The company makes progress on its biodiversity transition plan and evaluates its effectiveness.,L'entreprise progresse dans son plan de transition pour la biodiversité et évalue son efficacité,XX Large / X Large / Large / Medium,"XX Large: Wholesale/Retail, Service with Significant Environmental Footprint, Manufacturing, Agriculture/Growers | X Large: Wholesale/Retail, Service with Significant Environmental Footprint, Manufacturing, Agriculture/Growers | Large: Agriculture/Growers, Manufacturing [Mining] | Medium: Agriculture/Growers, Manufacturing [Mining]",Year5,Medium / Large / X Large / XX Large,6,"4.3.1, 4.3.2, 4.3.3, 4.3.4, 4.3.5, 4.3.6",approbation instance dirigeante; registre / trace interne; données chiffrées / calcul; évaluation / analyse; plan / stratégie / objectifs,Plan biodiversité ; actions/résultats ; évaluation d'efficacité ; objectifs chaîne de valeur,GEC4.3,GEC4.3,,1087,1091,XX Large | Wholesale/Retail | All || XX Large | Service with Significant Environmental Footprint | All || XX Large | Manufacturing | All || XX Large | Agriculture/Growers | All || X Large | Wholesale/Retail | All || X Large | Service with Significant Environmental Footprint | All || X Large | Manufacturing | All || X Large | Agriculture/Growers | All || Large | Agriculture/Growers | All || Large | Manufacturing | Mining || Medium | Agriculture/Growers | All || Medium | Manufacturing | Mining || Small | None | None || Micro | None | None || Company without workers | None | None
ESC,Environmental Stewardship & Circularity,ESC4,The company takes action to prevent and mitigate its actual and potential negative environmental impacts.,ESC4.4,sous_exigence,The company makes progress on its water stewardship strategy and evaluates its effectiveness.,L'entreprise progresse dans sa stratégie de gestion de l'eau et évalue son efficacité,XX Large / X Large / Large / Medium,"XX Large: Wholesale/Retail, Service with Significant Environmental Footprint, Manufacturing, Agriculture/Growers | X Large: Wholesale/Retail, Service with Significant Environmental Footprint, Manufacturing, Agriculture/Growers | Large: Wholesale/Retail, Service with Significant Environmental Footprint, Manufacturing, Agriculture/Growers | Medium: Agriculture/Growers, Manufacturing [Mining]",Year5,Medium / Large / X Large / XX Large,5,"4.4.1, 4.4.2, 4.4.3, 4.4.4, 4.4.5",approbation instance dirigeante; registre / trace interne; données chiffrées / calcul; évaluation / analyse; plan / stratégie / objectifs,Stratégie eau ; actions/résultats ; évaluation d'efficacité ; objectifs chaîne de valeur,GEC4.4,GEC4.4,,1092,1096,XX Large | Wholesale/Retail | All || XX Large | Service with Significant Environmental Footprint | All || XX Large | Manufacturing | All || XX Large | Agriculture/Growers | All || X Large | Wholesale/Retail | All || X Large | Service with Significant Environmental Footprint | All || X Large | Manufacturing | All || X Large | Agriculture/Growers | All || Large | Wholesale/Retail | All || Large | Service with Significant Environmental Footprint | All || Large | Manufacturing | All || Large | Agriculture/Growers | All || Medium | Agriculture/Growers | All || Medium | Manufacturing | Mining || Small | None | None || Micro | None | None || Company without workers | None | None
ESC,Environmental Stewardship & Circularity,ESC4,The company takes action to prevent and mitigate its actual and potential negative environmental impacts.,ESC4.5,sous_exigence,The company publicly shares the effectiveness of its environmental strategy.,L'entreprise partage publiquement l'efficacité de sa stratégie environnementale,XX Large,"XX Large: Wholesale/Retail, Service with Significant Environmental Footprint, Manufacturing, Agriculture/Growers",Year5,None,4,"4.5.1, 4.5.2, 4.5.3, 4.5.4",publication / accès public; évaluation / analyse; plan / stratégie / objectifs,Lien vers la publication (< 36 mois),GEC4.5,GEC4.5,,1097,1099,XX Large | Wholesale/Retail | All || XX Large | Service with Significant Environmental Footprint | All || XX Large | Manufacturing | All || XX Large | Agriculture/Growers | All || X Large | None | None || Large | None | None || Medium | None | None || Small | None | None || Micro | None | None || Company without workers | None | None
ESC,Environmental Stewardship & Circularity,ESC5,The company works with suppliers to achieve its environmental objectives.,ESC5.1,sous_exigence,The company considers actual and potential environmental impacts in its procurement decisions.,L'entreprise travaille avec ses prestataires de biens et de services pour atteindre ses objectifs environnementaux,Medium / Small / Micro / Company without workers,"Medium: Service with Significant Environmental Footprint, Service with Minor Environmental Footprint | Small: All | Micro: All | Company without workers: All",Year0,None,1,5.1.1,,"Processus annuel d'identification des cinq achats significatifs ; dépenses, factures, bons de commande, évaluations d'impact",GEC5.1,GEC5.1,,1100,1107,XX Large | None | None || X Large | None | None || Large | None | None || Medium | Service with Significant Environmental Footprint | All || Medium | Service with Minor Environmental Footprint | All || Small | All | All || Micro | All | All || Company without workers | All | All
ESC,Environmental Stewardship & Circularity,ESC5,The company works with suppliers to achieve its environmental objectives.,ESC5.2,sous_exigence,The company considers actual and potential environmental impacts in its procurement decisions.,L'entreprise prend en compte les impacts environnementaux réels et potentiels dans ses décisions d'achat,XX Large / X Large / Large / Medium,"XX Large: Service with Minor Environmental Footprint | X Large: Service with Minor Environmental Footprint | Large: Service with Minor Environmental Footprint | Medium: Wholesale/Retail, Manufacturing, Agriculture/Growers",Year0,None,1,5.2.1,,"Processus annuel d'identification des cinq achats significatifs ; dépenses, factures, bons de commande, évaluations d'impact",GEC5.2,GEC5.2,,1108,1115,XX Large | Service with Minor Environmental Footprint | All || X Large | Service with Minor Environmental Footprint | All || Large | Service with Minor Environmental Footprint | All || Medium | Wholesale/Retail | All || Medium | Manufacturing | All || Medium | Agriculture/Growers | All || Small | None | None || Micro | None | None || Company without workers | None | None
ESC,Environmental Stewardship & Circularity,ESC5,The company works with suppliers to achieve its environmental objectives.,ESC5.3,sous_exigence,The company works with suppliers to prevent or mitigate their most material environmental impacts.,L'entreprise collabore avec ses fournisseurs pour prévenir ou atténuer leurs impacts environnementaux les plus matériels,XX Large / X Large / Large,"XX Large: Wholesale/Retail, Service with Significant Environmental Footprint, Manufacturing, Agriculture/Growers | X Large: Wholesale/Retail, Service with Significant Environmental Footprint, Manufacturing, Agriculture/Growers | Large: Wholesale/Retail, Service with Significant Environmental Footprint, Manufacturing, Agriculture/Growers",Year0,Large / X Large / XX Large,3,"5.3.1, 5.3.2, 5.3.3",registre / trace interne; plan / stratégie / objectifs,Liste des fournisseurs prioritaires et critères ; objectifs convenus ; suivi annuel,GEC5.3,GEC5.3,oui,1116,1123,XX Large | Wholesale/Retail | All || XX Large | Service with Significant Environmental Footprint | All || XX Large | Manufacturing | All || XX Large | Agriculture/Growers | All || X Large | Wholesale/Retail | All || X Large | Service with Significant Environmental Footprint | All || X Large | Manufacturing | All || X Large | Agriculture/Growers | All || Large | Wholesale/Retail | All || Large | Service with Significant Environmental Footprint | All || Large | Manufacturing | All || Large | Agriculture/Growers | All || Medium | None | None || Small | None | None || Micro | None | None || Company without workers | None | None
ESC,Environmental Stewardship & Circularity,ESC5,The company works with suppliers to achieve its environmental objectives.,ESC5.4,sous_exigence,The company has a time-bound plan to trace the origin and potential environmental impacts of its high-risk raw materials.,"L'entreprise dispose d'un plan, défini dans le temps, pour assurer la traçabilité de l'origine de ses matières premières à haut risque ainsi que leurs impacts environnementaux potentiels",XX Large / X Large,"XX Large: Wholesale/Retail, Manufacturing, Agriculture/Growers | X Large: Wholesale/Retail, Manufacturing, Agriculture/Growers",Year3,X Large / XX Large,2,"5.4.1, 5.4.2",plan / stratégie / objectifs,Liste des matières à haut risque ; plan de traçabilité ; certifications / rapports ; % traçable par origine,GEC5.4,GEC5.4,,1124,1129,XX Large | Wholesale/Retail | All || XX Large | Manufacturing | All || XX Large | Agriculture/Growers | All || X Large | Wholesale/Retail | All || X Large | Manufacturing | All || X Large | Agriculture/Growers | All || Large | None | None || Medium | None | None || Small | None | None || Micro | None | None || Company without workers | None | None
ESC,Environmental Stewardship & Circularity,ESC5,The company works with suppliers to achieve its environmental objectives.,ESC5.5,sous_exigence,The company sources deforestation-free raw materials.,L'entreprise s'approvisionne en matières premières non issues de la déforestation,XX Large / X Large,"XX Large: Wholesale/Retail, Manufacturing, Agriculture/Growers | X Large: Wholesale/Retail, Manufacturing, Agriculture/Growers",Year3,X Large / XX Large,2,"5.5.1, 5.5.2",évaluation / analyse,"Certifications, rapports de traçabilité, données géospatiales ; politique zéro déforestation",GEC5.5,GEC5.5,,1130,1134,XX Large | Wholesale/Retail | All || XX Large | Manufacturing | All || XX Large | Agriculture/Growers | All || X Large | Wholesale/Retail | All || X Large | Manufacturing | All || X Large | Agriculture/Growers | All || Large | None | None || Medium | None | None || Small | None | None || Micro | None | None || Company without workers | None | None
ESC,Environmental Stewardship & Circularity,ESC5,The company works with suppliers to achieve its environmental objectives.,ESC5.6,sous_exigence,The company traces more high-risk raw materials to their origin.,L'entreprise trace une part croissante de ses matières premières à haut risque,XX Large / X Large,"XX Large: Wholesale/Retail, Manufacturing, Agriculture/Growers | X Large: Wholesale/Retail, Manufacturing, Agriculture/Growers",Year5,X Large / XX Large,1,5.6.1,plan / stratégie / objectifs,Évolution du % de matières traçables ; certifications / rapports,GEC5.6,GEC5.6,,1135,1140,XX Large | Wholesale/Retail | All || XX Large | Manufacturing | All || XX Large | Agriculture/Growers | All || X Large | Wholesale/Retail | All || X Large | Manufacturing | All || X Large | Agriculture/Growers | All || Large | None | None || Medium | None | None || Small | None | None || Micro | None | None || Company without workers | None | None
ESC,Environmental Stewardship & Circularity,ESC5,The company works with suppliers to achieve its environmental objectives.,ESC5.7,sous_exigence,The company works with suppliers to address environmental impacts related to high-risk raw materials.,L'entreprise collabore avec ses fournisseurs pour remédier aux impacts environnementaux liés aux matières premières à haut risque,XX Large / X Large,"XX Large: Wholesale/Retail, Manufacturing, Agriculture/Growers | X Large: Wholesale/Retail, Manufacturing, Agriculture/Growers",Year5,X Large / XX Large,2,"5.7.1, 5.7.2",politique/procédure documentée; plan / stratégie / objectifs; consultation parties prenantes / salariés,Objectifs convenus avec les fournisseurs ; suivi annuel,GEC5.7,GEC5.7,,1141,1147,XX Large | Wholesale/Retail | All || XX Large | Manufacturing | All || XX Large | Agriculture/Growers | All || X Large | Wholesale/Retail | All || X Large | Manufacturing | All || X Large | Agriculture/Growers | All || Large | None | None || Medium | None | None || Small | None | None || Micro | None | None || Company without workers | None | None
GACA,Government Affairs & Collective Action,GACA1,The company takes a responsible and transparent approach to lobbying.,GACA1.1,sous_exigence,The company has a public policy on responsible lobbying.,L'entreprise dispose d'une politique publiquement accessible en matière de lobbying responsable,XX Large / X Large / Large / Medium / Small / Micro / Company without workers,Tous secteurs / toutes industries,Year0,None,4,"1.1.1, 1.1.2, 1.1.3, 1.1.4",politique/procédure documentée; publication / accès public; approbation instance dirigeante; données chiffrées / calcul; évaluation / analyse; consultation parties prenantes / salariés,Politique de lobbying publiée sur le site ; PV d'approbation,APAC1.1,APAC1.1,,1160,1165,XX Large | All | All || X Large | All | All || Large | All | All || Medium | All | All || Small | All | All || Micro | All | All || Company without workers | All | All
GACA,Government Affairs & Collective Action,GACA1,The company takes a responsible and transparent approach to lobbying.,GACA1.2,sous_exigence,The company publicly shares its lobbying positions and political contributions each fiscal year.,L'entreprise rend publique ses positions en matière de lobbying ainsi que ses contributions politiques,XX Large / X Large / Large,Tous secteurs / toutes industries,Year0,None,4,"1.2.1, 1.2.2, 1.2.3, 1.2.4",publication / accès public; approbation instance dirigeante; consultation parties prenantes / salariés,"Rapport public (contributions politiques, principales positions) ; PV ; rapport annuel",APAC1.2,APAC1.2,,1166,1170,XX Large | All | All || X Large | All | All || Large | All | All || Medium | None | None || Small | None | None || Micro | None | None || Company without workers | None | None
GACA,Government Affairs & Collective Action,GACA1,The company takes a responsible and transparent approach to lobbying.,GACA1.3,sous_exigence,The company publicly shares its lobbying positions and political contributions each fiscal year.,L'entreprise rend publiques ses positions en matière de lobbying et ses contributions politiques,Medium / Small / Micro / Company without workers,Tous secteurs / toutes industries,Year3,Company without workers / Micro / Small / Medium,4,"1.3.1, 1.3.2, 1.3.3, 1.3.4",publication / accès public; approbation instance dirigeante; consultation parties prenantes / salariés,"Rapport public (contributions politiques, principales positions) ; PV de supervision",APAC1.3,APAC1.3,oui,1171,1175,XX Large | None | None || X Large | None | None || Large | None | None || Medium | All | All || Small | All | All || Micro | All | All || Company without workers | All | All
GACA,Government Affairs & Collective Action,GACA2,The company works collaboratively to advance collective social or environmental impacts.,GACA2.1,sous_exigence,The company takes part in collective action to advance social or environmental impacts.,L'entreprise prend part à des actions collectives visant à promouvoir des impacts sociaux ou environnementaux positifs,Micro / Company without workers,Tous secteurs / toutes industries,Year0,Company without workers / Micro,2,"2.1.1, 2.1.2",politique/procédure documentée,"Confirmation écrite de l'option retenue (a-e) ; traces : mentorat, recherche externe, collaboration multipartite, plaidoyer, leadership d'opinion",APAC2.1,APAC2.1,,1176,1178,XX Large | None | None || X Large | None | None || Large | None | None || Medium | None | None || Small | None | None || Micro | All | All || Company without workers | All | All
GACA,Government Affairs & Collective Action,GACA2,The company works collaboratively to advance collective social or environmental impacts.,GACA2.2,sous_exigence,The company takes part in collective action to advance social or environmental impacts.,,Small,Tous secteurs / toutes industries,Year0,Small,2,"2.2.1, 2.2.2",politique/procédure documentée,,,APAC2.2,oui,1179,1181,XX Large | None | None || X Large | None | None || Large | None | None || Medium | None | None || Small | All | All || Micro | None | None || Company without workers | None | None
GACA,Government Affairs & Collective Action,GACA2,The company works collaboratively to advance collective social or environmental impacts.,GACA2.1a,option,"The company mentors others in its industry, profession, or value chain to advance their social or environmental impacts.",,Small / Micro / Company without workers,Tous secteurs / toutes industries,Year0,N/A,1,2.1a.1,plan / stratégie / objectifs,,,APAC2.1a,,1182,1185,XX Large | None | None || X Large | None | None || Large | None | None || Medium | None | None || Small | All | All || Micro | All | All || Company without workers | All | All
GACA,Government Affairs & Collective Action,GACA2,The company works collaboratively to advance collective social or environmental impacts.,GACA2.1b,option,The company contributes to external research to advance social or environmental impacts.,,Small / Micro / Company without workers,Tous secteurs / toutes industries,Year0,N/A,1,2.1b.1,,,,APAC2.1b,,1186,1189,XX Large | None | None || X Large | None | None || Large | None | None || Medium | None | None || Small | All | All || Micro | All | All || Company without workers | All | All
GACA,Government Affairs & Collective Action,GACA2,The company works collaboratively to advance collective social or environmental impacts.,GACA2.1c,option,The company collaborates with multiple stakeholders to advance social or environmental impacts.,,Small / Micro / Company without workers,Tous secteurs / toutes industries,Year0,N/A,1,2.1c.1,,,,APAC2.1c,,1190,1194,XX Large | None | None || X Large | None | None || Large | None | None || Medium | None | None || Small | All | All || Micro | All | All || Company without workers | All | All
GACA,Government Affairs & Collective Action,GACA2,The company works collaboratively to advance collective social or environmental impacts.,GACA2.1d,option,The company promotes public policy to advance social or environmental impacts.,,Small / Micro / Company without workers,Tous secteurs / toutes industries,Year0,N/A,1,2.1d.1,,,,APAC2.1d,,1195,1199,XX Large | None | None || X Large | None | None || Large | None | None || Medium | None | None || Small | All | All || Micro | All | All || Company without workers | All | All
GACA,Government Affairs & Collective Action,GACA2,The company works collaboratively to advance collective social or environmental impacts.,GACA2.1e,option,"The company uses thought leadership to drive systemic change towards an equitable, inclusive, and regenerative economy.",,Small / Micro / Company without workers,Tous secteurs / toutes industries,Year0,N/A,1,2.1e.1,,,,APAC2.1e,,1200,1203,XX Large | None | None || X Large | None | None || Large | None | None || Medium | None | None || Small | All | All || Micro | All | All || Company without workers | All | All
GACA,Government Affairs & Collective Action,GACA2,The company works collaboratively to advance collective social or environmental impacts.,GACA2.3,sous_exigence,The company takes part in collective action to advance social or environmental impacts.,,Medium,Tous secteurs / toutes industries,Year0,Medium,2,"2.3.1, 2.3.2",politique/procédure documentée,,,APAC2.3,oui,1204,1206,XX Large | None | None || X Large | None | None || Large | None | None || Medium | All | All || Small | None | None || Micro | None | None || Company without workers | None | None
GACA,Government Affairs & Collective Action,GACA2,The company works collaboratively to advance collective social or environmental impacts.,GACA2.4,sous_exigence,The company takes part in collective action to advance social or environmental impacts.,,X Large / Large,Tous secteurs / toutes industries,Year0,Large / X Large,2,"2.4.1, 2.4.2",politique/procédure documentée,,,APAC2.4,,1207,1209,X Large | All | All || Large | All | All || Medium | None | None || Small | None | None || Micro | None | None || Company without workers | None | None
GACA,Government Affairs & Collective Action,GACA2,The company works collaboratively to advance collective social or environmental impacts.,GACA2.5,sous_exigence,The company takes part in collective action to advance social or environmental impacts.,L'entreprise participe à une action collective visant à faire progresser les impacts sociaux ou environnementaux,XX Large,Tous secteurs / toutes industries,Year0,None,2,"2.5.1, 2.5.2",politique/procédure documentée,Confirmation écrite des options retenues (a-e),APAC2.5,APAC2.5,oui,1210,1212,XX Large | All | All || X Large | None | None || Large | None | None || Medium | None | None || Small | None | None || Micro | None | None || Company without workers | None | None
GACA,Government Affairs & Collective Action,GACA2,The company works collaboratively to advance collective social or environmental impacts.,GACA2.3a,option,"The company mentors others in its industry, profession, or value chain to advance their social or environmental impacts.",,XX Large / X Large / Large / Medium,Tous secteurs / toutes industries,Year0,N/A,1,2.3a.1,plan / stratégie / objectifs,,,APAC2.3a,,1213,1216,XX Large | All | All || X Large | All | All || Large | All | All || Medium | All | All || Small | None | None || Micro | None | None || Company without workers | None | None
GACA,Government Affairs & Collective Action,GACA2,The company works collaboratively to advance collective social or environmental impacts.,GACA2.3b,option,The company contributes to external research to advance social or environmental impacts.,,XX Large / X Large / Large / Medium,Tous secteurs / toutes industries,Year0,N/A,3,"2.3b.1, 2.3b.2, 2.3b.3",données chiffrées / calcul,,,APAC2.3b,,1217,1220,XX Large | All | All || X Large | All | All || Large | All | All || Medium | All | All || Small | None | None || Micro | None | None || Company without workers | None | None
GACA,Government Affairs & Collective Action,GACA2,The company works collaboratively to advance collective social or environmental impacts.,GACA2.3c,option,The company collaborates with multiple stakeholders to advance social or environmental impacts with clear contribution.,,XX Large / X Large / Large / Medium,Tous secteurs / toutes industries,Year0,N/A,2,"2.3c.1, 2.3c.2",,,,APAC2.3c,,1221,1225,XX Large | All | All || X Large | All | All || Large | All | All || Medium | All | All || Small | None | None || Micro | None | None || Company without workers | None | None
GACA,Government Affairs & Collective Action,GACA2,The company works collaboratively to advance collective social or environmental impacts.,GACA2.3d,option,The company promotes public policy to advance social or environmental impacts with clear contribution.,,XX Large / X Large / Large / Medium,Tous secteurs / toutes industries,Year0,N/A,3,"2.3d.1, 2.3d.2, 2.3d.3",politique/procédure documentée,,,APAC2.3d,,1226,1229,XX Large | All | All || X Large | All | All || Large | All | All || Medium | All | All || Small | None | None || Micro | None | None || Company without workers | None | None
GACA,Government Affairs & Collective Action,GACA2,The company works collaboratively to advance collective social or environmental impacts.,GACA2.3e,option,"The company uses thought leadership to drive systemic change towards an equitable, inclusive, and regenerative economy, and has a clear outcome.",,XX Large / X Large / Large / Medium,Tous secteurs / toutes industries,Year0,N/A,2,"2.3e.1, 2.3e.2",,,,APAC2.3e,oui,1230,1233,XX Large | All | All || X Large | All | All || Large | All | All || Medium | All | All || Small | None | None || Micro | None | None || Company without workers | None | None
GACA,Government Affairs & Collective Action,GACA2,The company works collaboratively to advance collective social or environmental impacts.,GACA2.6,sous_exigence,The company includes multi-stakeholder collaboration or public policy advocacy as one of its collective actions.,L'entreprise inclut les initiatives multipartites ou le plaidoyer en faveur de politiques publiques,XX Large / X Large / Large,Tous secteurs / toutes industries,Year3,Large / X Large / XX Large,1,2.6.1,politique/procédure documentée,Document démontrant une collaboration multipartite ou un plaidoyer de politique publique parmi les actions collectives retenues,APAC2.6,APAC2.6,,1234,1236,XX Large | All | All || X Large | All | All || Large | All | All || Medium | None | None || Small | None | None || Micro | None | None || Company without workers | None | None
GACA,Government Affairs & Collective Action,GACA3,The company takes a responsible and transparent approach to taxes.,GACA3.1,sous_exigence,The company has a public policy on responsible taxes.,L'entreprise dispose d'une politique en matière de fiscalité responsable et la rend publique,XX Large,Tous secteurs / toutes industries,Year0,None,4,"3.1.1, 3.1.2, 3.1.3, 3.1.4",politique/procédure documentée; publication / accès public; approbation instance dirigeante; évaluation / analyse; consultation parties prenantes / salariés; vérification tierce,Politique fiscale (autonome ou intégrée) ; approbation ; publication,APAC3.1,APAC3.1,,1237,1241,XX Large | All | All || X Large | None | None || Large | None | None || Medium | None | None || Small | None | None || Micro | None | None || Company without workers | None | None
GACA,Government Affairs & Collective Action,GACA3,The company takes a responsible and transparent approach to taxes.,GACA3.2,sous_exigence,The company publicly shares its country-by-country reporting each fiscal year.,L'entreprise publie son reporting pays par pays pour chaque année fiscale,XX Large,Tous secteurs / toutes industries,Year3,None,3,"3.2.1, 3.2.2, 3.2.3",publication / accès public; approbation instance dirigeante,Rapport fiscal pays par pays ; supervision par l'instance dirigeante ; publication annuelle,APAC3.2,APAC3.2,oui,1242,1245,XX Large | All | All || X Large | None | None || Large | None | None || Medium | None | None || Small | None | None || Micro | None | None || Company without workers | None | None
